,Date,total_cap,tot_rent,net value
0,2018-04-20,895825166517.7625,0.0,1000.0
1,2018-04-23,897148945496.0243,0.0016207163890075344,1001.6207163890076
2,2018-04-24,891893979435.2257,-0.005623274954576947,995.9883277005518
3,2018-04-25,883522004024.2717,-0.009098054115202333,986.9267719970223
4,2018-04-26,891511846847.0322,0.009126298046703719,995.9337598685383
5,2018-04-27,870941824433.5458,0.0021931811296312434,998.1180229970447
6,2018-04-30,896163699706.1863,0.003323179197789198,1001.434948048007
7,2018-05-01,171448494104.59027,0.0039985172958680116,1005.4392030084637
8,2018-05-02,901169319764.0353,0.004944916193638476,1010.4110156051393
9,2018-05-03,888958510484.8525,-0.004078467131733504,1006.2900874884522
10,2018-05-04,902215214609.2083,0.005393674217601856,1011.7176883887671
11,2018-05-07,783355913422.6564,0.009733160652969707,1021.5648991853062
12,2018-05-08,914774852367.2139,0.0058083306606420216,1027.4984859110798
13,2018-05-09,915681956756.099,0.002014001492814225,1029.5678693955692
14,2018-05-10,456404928553.9689,0.0017006761456494933,1031.3188309113775
15,2018-05-11,893843816502.5673,0.0006676531466896806,1032.0073941740757
16,2018-05-14,919149328502.384,0.0022944567471361757,1034.3752905027327
17,2018-05-15,921394726632.9717,0.002649908191326634,1037.1162900579418
18,2018-05-16,917523112083.7732,0.0006426581167816007,1037.7828012597938
19,2018-05-17,913459172724.7887,0.004393247250782542,1042.342037698338
20,2018-05-18,951949693845.3861,-0.0023017263907401594,1039.9428515219897
21,2018-05-21,503361988112.08655,0.0020011587918397403,1042.023942302324
22,2018-05-22,922157045368.6255,0.002705782338842682,1044.843432282057
23,2018-05-23,915397850699.8976,-0.007289183605872455,1037.227376664763
24,2018-05-24,914104053580.8881,-0.0013875691081455639,1035.78815199878
25,2018-05-25,916546347828.4135,0.002673805642229715,1038.557648203749
26,2018-05-28,767013033539.8246,0.00023876605334466913,1038.8056205145817
27,2018-05-29,906848364713.4614,-0.010811591454754315,1027.5744785446755
28,2018-05-30,902762759303.3657,-0.004518007656683776,1022.9318891827978
29,2018-05-31,868721095754.2018,-0.00684463423667297,1015.9302945523127
30,2018-06-01,906864477026.1315,0.011466903568961686,1027.5798692727308
31,2018-06-04,901628653249.1014,0.0036502238412039465,1031.3307658102913
32,2018-06-05,889170814016.1273,-0.0037558750285926748,1027.4572163407652
33,2018-06-06,865558114962.4956,-0.0006568580551185223,1026.782322791922
34,2018-06-07,913974913278.9877,0.0009475202209100668,1027.7552198052406
35,2018-06-08,912685580253.5298,-0.001284674956264944,1026.4348884131862
36,2018-06-11,919848841657.1321,0.007936182274069519,1034.5808627800975
37,2018-06-12,920847142933.3947,0.0011003047757187302,1035.7192170442818
38,2018-06-13,910719328195.9972,0.0005988927775553094,1036.3395018029448
39,2018-06-14,919964853942.4125,0.010404266910552655,1047.1218545896518
40,2018-06-15,916992943982.3602,-0.003076841035997634,1043.9000270977604
41,2018-06-18,904348695647.3009,-0.01365087784914605,1029.6498753411286
42,2018-06-19,897469777441.5936,-0.007513291857066657,1021.9138153170984
43,2018-06-20,901000270492.1846,0.0040800980696459625,1026.0833239023184
44,2018-06-21,892169455133.7754,-0.00976382752123699,1016.0648233053187
45,2018-06-22,837069562926.7999,0.0092122187787901,1025.4250347510401
46,2018-06-25,882742677221.6191,-0.018871056616975263,1006.0741808637894
47,2018-06-26,882706654028.4293,0.00018946877446368923,1006.2648005058572
48,2018-06-27,885830780739.0615,0.0036054478418129725,1009.8928357591335
49,2018-06-28,878578440286.1309,-0.008142286520974115,1001.6699989349036
50,2018-06-29,890274484747.3696,0.013497187968011855,1015.1897271924463
51,2018-07-02,881450833021.715,-0.009793710346813249,1005.2472530572632
52,2018-07-03,888751469039.2524,0.008450808760369698,1013.7424053497369
53,2018-07-04,865700807254.4767,0.0037501534808934583,1017.5440949598885
54,2018-07-05,893686096753.1869,0.001936048318012577,1019.5141094934393
55,2018-07-06,896054413514.9994,0.0027366113432417713,1022.3041233700742
56,2018-07-09,900482997405.7087,0.004886239402416322,1027.2993460589378
57,2018-07-10,903977846530.2112,0.003860709592432039,1031.2654504985667
58,2018-07-11,896067126560.0742,-0.008695638491017444,1022.297938952755
59,2018-07-12,905852076051.243,0.01103772445866777,1033.5817819175793
60,2018-07-13,908279293359.6326,0.0031146693547909315,1036.8010474193882
61,2018-07-16,906986827134.8513,-0.0014228145423080874,1035.3258718116397
62,2018-07-17,909181120657.5173,0.002357267594043139,1037.7664119385356
63,2018-07-18,919079289904.2289,0.011180569059053376,1049.3692309743806
64,2018-07-19,917065543633.8303,-0.002147068049816159,1047.1161638260953
65,2018-07-20,919148496706.9263,0.002660277916281766,1049.9017838325037
66,2018-07-23,916228290191.2017,-0.003231003020108323,1046.5095479981237
67,2018-07-24,920688658195.8201,0.005080311955050814,1051.8261429658935
68,2018-07-25,920650672647.237,-0.0001394759580040808,1051.6794385069495
69,2018-07-26,929843223910.0039,0.011107187702358181,1063.3606394331568
70,2018-07-27,932790599055.704,0.0033404159280515005,1066.9127062503824
71,2018-07-30,931315204260.5692,-0.001449652137285436,1065.3660539654695
72,2018-07-31,930876017481.2848,-0.00030196446915205255,1065.0443512705313
73,2018-08-01,589174658460.2197,0.0017963297000692948,1066.9575220706097
74,2018-08-02,929242128931.4999,-0.0027411051456418026,1064.0328793166807
75,2018-08-03,932450271340.1257,0.003515792500961012,1067.7737981345583
76,2018-08-06,932575370204.9344,0.00018014267968015634,1067.9661497678464
77,2018-08-07,933257371197.1804,0.0007264919697941932,1068.7420185996648
78,2018-08-08,933223965996.409,4.761552040030789e-05,1068.792907307054
79,2018-08-09,934847949799.5792,0.0018636465265181087,1070.7847594963239
80,2018-08-10,928829948930.2277,-0.00625059899065919,1064.091713359403
81,2018-08-13,928612038690.325,-0.00017552883542527924,1063.9049345801714
82,2018-08-14,930021052968.173,0.001572863423339837,1065.5783117376832
83,2018-08-15,866820666373.3859,-0.01309331189137171,1051.6263625574204
84,2018-08-16,923763426790.1997,0.005892390714420512,1057.8229559711938
85,2018-08-17,924990899318.8926,0.0012574650502801667,1059.1531313677115
86,2018-08-20,929959686125.5746,0.0054098955099346644,1064.8830391374308
87,2018-08-21,931593070193.3689,0.001878482896261289,1066.8834037129693
88,2018-08-22,932587573566.8894,0.0011506663465402202,1068.111030541304
89,2018-08-23,934013985694.3442,0.0016237663254898237,1069.8453932645812
90,2018-08-24,931294432333.6539,-0.0027715412748311667,1066.8802725994603
91,2018-08-27,815051668172.3156,0.006417247707746071,1073.7267075832387
92,2018-08-28,936702625471.7012,0.0002820382980279154,1074.0295396363927
93,2018-08-29,939838397832.8048,0.0033480965556766055,1077.6254942387443
94,2018-08-30,937882454689.0825,-0.0020079623220846683,1075.461662848995
95,2018-08-31,932603502581.7928,-0.00561932625364012,1069.4182928921641
96,2018-09-03,904034913014.3876,0.0006513220192026263,1070.1148285740628
97,2018-09-04,931363169095.9265,-0.0018157294722777539,1068.1717895410995
98,2018-09-05,921389198481.1516,-0.010450397829339982,1057.0089693903171
99,2018-09-06,919264475496.8658,-0.002220378904471326,1054.6620089728458
100,2018-09-07,920191950652.9415,0.001092661113537619,1055.814397137976
101,2018-09-10,923751443549.7335,0.005690189548584895,1061.8221811858157
102,2018-09-11,926144675653.8284,0.0027514343950608045,1064.7437152565687
103,2018-09-12,928091286828.8589,0.002252091764037769,1067.1416158085092
104,2018-09-13,927256600321.5891,-0.0006885246175748526,1066.4068625355865
105,2018-09-14,931444280540.5013,0.004260225991317085,1070.9499967686795
106,2018-09-17,929868312682.1233,-0.0013133682003305177,1069.5434450987793
107,2018-09-18,929390060769.8782,-0.0006026207795496327,1068.8989159941316
108,2018-09-19,926314119668.5752,-0.0031160150953504313,1065.5682108364902
109,2018-09-20,931007948375.7623,0.005381830807400788,1071.302918660957
110,2018-09-21,931777251405.0405,0.0006184185197798786,1071.9654322261513
111,2018-09-24,926557129261.4323,-0.005360878862159613,1066.2187553995643
112,2018-09-25,931254936707.4666,0.005186276676487674,1071.7484608627267
113,2018-09-26,934926138243.3046,0.0038148697349555108,1075.8370416295572
114,2018-09-27,938207352968.8301,0.0034161603459140397,1079.5122734698375
115,2018-09-28,933182133534.792,-0.005139083535620552,1073.9645697187484
116,2018-10-01,937878824380.8513,0.005136039326590341,1079.4804939841886
117,2018-10-02,933186987617.4731,-0.004899678906023292,1074.1913861783507
118,2018-10-03,906458197827.2068,0.0078874854175578,1082.6640550724987
119,2018-10-04,924753857026.8334,-0.016034071929365037,1065.3045417381284
120,2018-10-05,918772711817.8448,-0.006393347744623864,1058.4936793488694
121,2018-10-08,910850257855.5332,-0.008423050058588677,1049.577934101014
122,2018-10-09,911561680095.5693,0.0009016407841239301,1050.5242763725162
123,2018-10-10,893350146333.1184,-0.01960263300598223,1029.9312345189107
124,2018-10-11,872995987123.928,-0.022564826630139125,1006.6910147710263
125,2018-10-12,871837450060.139,-0.00125978599642446,1005.4227995278914
126,2018-10-15,872632385725.8801,0.0009905985016545188,1006.4187698466329
127,2018-10-16,888805200457.9445,0.018669551053994912,1025.2081564519833
128,2018-10-17,889499043613.6903,0.0009342447406520667,1026.165951780222
129,2018-10-18,891304377783.2341,0.002271877751249647,1028.4972753751613
130,2018-10-19,891062838132.7596,4.699872580055342e-05,1028.5456134365932
131,2018-10-22,887521611516.311,-0.0038398387661659574,1024.5961641173494
132,2018-10-23,874325245619.8953,-0.014552163707567841,1009.6860730029676
133,2018-10-24,876044261600.3923,0.002095910913793819,1011.8022850628803
134,2018-10-25,881506797097.9795,0.0066130018319489215,1018.4933354275713
135,2018-10-26,854252802268.0951,-0.006671470889092331,1011.6984867895317
136,2018-10-29,880659025537.0924,0.005847065444106242,1017.6139540514934
137,2018-10-30,883382575189.6808,0.0033799453006856067,1021.0534335534018
138,2018-10-31,896501244232.2173,0.015080376221205042,1036.4513034733402
139,2018-11-01,866313980439.2275,-0.0009518474906554639,1035.4647599009425
140,2018-11-02,896687792779.2539,0.0013733766039491066,1036.8868429764043
141,2018-11-05,896500036338.3662,-8.409748444270225e-05,1036.7996434012582
142,2018-11-06,896730133829.7434,0.00033760308807688396,1037.1496701625874
143,2018-11-07,904006906249.8062,0.008337603166758254,1045.7970125369375
144,2018-11-08,904649829394.605,0.0008195927180036577,1046.6541401529228
145,2018-11-09,903834659136.3679,-0.0008047809688435487,1045.8118128199665
146,2018-11-12,890374133364.8387,-0.00560100523268645,1039.9542153839566
147,2018-11-13,900273727322.7065,0.00191291165333917,1041.9435559215037
148,2018-11-14,895067247316.9843,-0.005622399133373668,1036.0853333756663
149,2018-11-15,887615996150.7615,-0.008130080248385373,1027.661876471147
150,2018-11-16,887773939472.6093,0.00035092261254084236,1028.0225062616469
151,2018-11-19,881187558147.2789,-0.007446870787828743,1020.3669554905365
152,2018-11-20,878340888963.3691,-0.0030850203691631605,1017.2191026488272
153,2018-11-21,884999489678.134,0.007826590665440095,1025.1804601823258
154,2018-11-22,849580905921.9736,-0.007676859760724797,1017.3102935600707
155,2018-11-23,883236503690.0979,0.005626891524685053,1023.0345882288788
156,2018-11-26,891542007758.3405,0.009537519649878631,1032.7918007166172
157,2018-11-27,889693239166.9513,-0.0019845048005967397,1030.742220430078
158,2018-11-28,889780239104.6971,0.00031894306011438864,1031.0709685080512
159,2018-11-29,894799248126.5428,0.0057668131092188475,1037.0169620857785
160,2018-11-30,895088436555.5298,0.00035787585426265184,1037.3880854169697
161,2018-12-03,899551059154.941,0.0053010290492489474,1042.8873097931098
162,2018-12-04,896737496121.7418,-0.0029592824243141994,1039.8011117066987
163,2018-12-05,856489182306.456,-0.012543790383497988,1026.7580645209218
164,2018-12-06,841338839710.259,-0.027053513033444825,998.9806518402105
165,2018-12-07,866289387211.6616,0.004827585094997942,1003.8033159452256
166,2018-12-10,852044806298.5443,-0.01634764037054416,987.3935003333933
167,2018-12-11,865091872508.5919,0.015466209070731865,1002.6647346446313
168,2018-12-12,877466061406.2172,0.014610230934389769,1017.3138979675581
169,2018-12-13,874431784692.8961,-0.003451981320022425,1013.8021493951749
170,2018-12-14,869106627838.3124,-0.006045708886909897,1007.6729967310081
171,2018-12-17,860315312352.2886,-0.009939283124015886,997.657449520073
172,2018-12-18,853588202219.8567,-0.007719639894594986,989.9558932716179
173,2018-12-19,854185759561.6448,0.0009649990756210206,990.9111997935307
174,2018-12-20,843812786188.7286,-0.011934875195898684,979.0847982937768
175,2018-12-21,840187473999.6617,-0.004275162389630759,974.8990517878519
176,2018-12-24,352002039897.6759,-0.008539709910796833,966.5736966932727
177,2018-12-26,26138176245.7087,0.04049512070050412,1005.7152152067994
178,2018-12-27,826477721652.4899,-0.013632985928469163,992.0043138298378
179,2018-12-28,842284650971.3755,0.019340081044730693,1011.1897576560292
180,2018-12-31,355018906092.81573,0.0049113456334794236,1016.1560600569123
181,2019-01-02,512774904390.62854,-0.0005457602175428402,1015.6014825045182
182,2019-01-03,836806916025.8944,-0.007866300656449362,1007.6124558960021
183,2019-01-04,854630522496.9552,0.02152911294570458,1029.3054582644859
184,2019-01-07,850766304639.7985,-0.0043264520356128,1024.8522175693101
185,2019-01-08,860869575165.7462,0.012023103829793984,1037.1741221913405
186,2019-01-09,863430453104.2722,0.003064769244943057,1040.3528215426834
187,2019-01-10,866005333334.2742,0.0030265145452195172,1043.5014644892424
188,2019-01-11,870254261628.9683,0.00501653071591997,1048.7362216379602
189,2019-01-14,863589802237.8468,-0.007560386136653018,1040.8073708468828
190,2019-01-15,870818774791.4716,0.008586809571693534,1049.74458554116
191,2019-01-16,875204912544.277,0.005146797922662587,1055.1474087933493
192,2019-01-17,878315704592.0096,0.0036823196271864537,1059.032798806324
193,2019-01-18,890467873097.3442,0.013878981817212144,1073.7310957647883
194,2019-01-21,861793277773.12,-0.000482882592781739,1073.212609709315
195,2019-01-22,887225277991.8833,-0.0030707675725697874,1069.9170232289468
196,2019-01-23,888828768285.4912,0.0019334318243176426,1071.9856348510368
197,2019-01-24,889867577244.1727,0.0013793551522975967,1073.4642837596575
198,2019-01-25,888688157340.8004,-0.0009555276434751083,1072.438558962242
199,2019-01-28,880789313520.5183,-0.008761078981783615,1063.0428400440637
200,2019-01-29,887449695999.6466,0.007659698253273087,1071.1854274291036
201,2019-01-30,890992798336.6234,0.004124719606565574,1075.6037669638877
202,2019-01-31,894444526021.2839,0.00423393716340831,1080.157805725938
203,2019-02-01,896447640053.4563,0.002897608618602735,1083.2876802932606
204,2019-02-04,898420160225.9807,0.0023306219714170754,1085.8124143623174
205,2019-02-05,909883497802.9336,0.01285606159029627,1099.7716856368677
206,2019-02-06,909319424598.8806,-0.0005467227303506876,1099.170415458134
207,2019-02-07,901384410589.8114,-0.00861951396098557,1089.69610071659
208,2019-02-08,899866888820.0203,-0.002072959029855785,1087.437205344811
209,2019-02-11,906617629406.9479,0.007531048711446299,1095.626747908902
210,2019-02-12,908473469795.8594,0.0020884327259329495,1097.9148906646424
211,2019-02-13,913424394647.6094,0.00566932511155725,1104.13932712464
212,2019-02-14,912274315784.0188,-0.0010181243266944825,1103.0151760156343
213,2019-02-15,922311236621.4229,0.011202621552223043,1115.371837598896
214,2019-02-18,892339638748.8436,0.00036808709785891635,1115.7823915816314
215,2019-02-19,920685673018.1235,-0.00260159117820041,1112.8795819549014
216,2019-02-20,926048133611.8301,0.005906838792551324,1119.4531822410308
217,2019-02-21,927630508004.6196,0.0018455797749760635,1121.5192223932077
218,2019-02-22,930387052871.3517,0.0030431127101304073,1124.932131793528
219,2019-02-25,932264765230.0914,0.002061142110690299,1127.2507767820362
220,2019-02-26,934483990944.7533,0.0024031079280716237,1129.959682060646
221,2019-02-27,931640774908.3156,-0.002948460289341845,1126.6280408095329
222,2019-02-28,930519786372.9418,-0.001049975508671107,1125.4451089593008
223,2019-03-01,929988939536.9061,-6.490580627024572e-05,1125.3720610370908
224,2019-03-04,928856995721.3704,-0.0010326364824469589,1124.2099607905373
225,2019-03-05,929383978350.4619,0.0007450282760308828,1125.0475289995218
226,2019-03-06,927537354153.7096,-0.0018472520299024808,1122.9692826678406
227,2019-03-07,928652477194.3499,0.0014470347707008265,1124.59425826629
228,2019-03-08,922538675768.4226,-0.006229025897422489,1117.5891315074566
229,2019-03-11,929176682407.1199,0.007230774584865594,1125.6701665958828
230,2019-03-12,927183991738.1146,-0.0020116690636700044,1123.4056907458457
231,2019-03-13,933077484563.3428,0.006463953817880226,1130.6673332495707
232,2019-03-14,941913558747.6837,0.009476574788524197,1141.3821867940514
233,2019-03-15,949455269674.5833,0.008291546168441528,1150.8460098916912
234,2019-03-18,949550117306.6616,0.00019311204502699792,1151.0682521181725
235,2019-03-19,951021142739.6462,0.001634120199235201,1152.949235999657
236,2019-03-20,944142399089.3406,-0.006990662238002054,1144.889357313221
237,2019-03-21,948345175940.9387,0.004395147713945672,1149.921315154737
238,2019-03-22,939575927777.8983,-0.009146105017854449,1139.4040140440625
239,2019-03-25,937871784539.9456,-0.0016673635891018398,1137.504213277769
240,2019-03-26,947476580599.6854,0.01027298116743489,1149.1897726386494
241,2019-03-27,945488893015.9819,-0.0019230583708755502,1146.979813626652
242,2019-03-28,947813536843.3373,0.0026230366014181592,1149.9883836588824
243,2019-03-29,954901904574.0569,0.007610214741144986,1158.7400422083488
244,2019-04-01,961142736634.8549,0.006757255007775569,1166.569944161271
245,2019-04-02,963779763515.8253,0.0028891959465945686,1169.9403933153608
246,2019-04-03,965879011998.8252,0.002478305985605392,1172.8398635949159
247,2019-04-04,964595844825.1946,-0.0013106283502824212,1171.302706419347
248,2019-04-05,965698474281.6902,0.0012945602601812868,1172.8190283557203
249,2019-04-08,963341473419.8193,-0.0022322617432862023,1170.2009893069237
250,2019-04-09,936153254483.0242,-0.002340791066306569,1167.461793285371
251,2019-04-10,932311660267.1733,-0.003775953416250846,1163.0535119386727
252,2019-04-11,933867101117.7369,0.0017802286179578423,1165.1240130848423
253,2019-04-12,931240862010.903,-0.0025442111771066867,1162.1596915480366
254,2019-04-15,931602940659.2013,0.0004385983739266765,1162.6694128989925
255,2019-04-16,932695118638.3484,0.0012647010975760534,1164.139842181604
256,2019-04-17,929284421020.884,-0.0032189117217854882,1160.3925787978083
257,2019-04-18,894839448929.041,-0.0016113146772819128,1158.5228212041823
258,2019-04-22,31868620872.460102,-0.0037233216472552827,1154.2092681051533
259,2019-04-23,929438584185.3071,0.00215955968307959,1156.7018519063902
260,2019-04-24,937268928206.2263,0.008598387061540159,1166.6476221438818
261,2019-04-25,942675789243.4622,0.006348115576921797,1174.0536360867923
262,2019-04-26,946838119891.056,0.004637928657815703,1179.498813091412
263,2019-04-29,946724913791.832,9.485059400040404e-05,1179.6106892544565
264,2019-04-30,949402769493.2535,0.0029376537487231045,1183.0759770177788
265,2019-05-01,200133477413.76367,0.002624247385267261,1186.1806610570402
266,2019-05-02,945803212188.9924,-0.004166432614449982,1181.2385192641823
267,2019-05-03,938932368404.2148,0.00292927718308948,1184.6986943064494
268,2019-05-06,803089001252.2264,-0.00861612829568653,1174.4911783645728
269,2019-05-07,932966616962.4335,-0.008691555418086163,1164.2830231997636
270,2019-05-08,935725708146.9045,0.003030086340403113,1167.8109012847244
271,2019-05-09,922584840746.3214,-0.013876023318597754,1151.6063299867849
272,2019-05-10,928038155041.6322,0.005976786507669848,1158.4892351619972
273,2019-05-13,918855821810.5195,-0.009814201062608422,1147.11958887925
274,2019-05-14,925531301580.6478,0.009178779838879247,1157.6487470344382
275,2019-05-15,932002699615.0742,0.007126124569942163,1165.898296214043
276,2019-05-16,945468143895.6873,0.014525065437697856,1182.8330452602524
277,2019-05-17,909775900116.675,-0.00036419380968419443,1182.4022647872787
278,2019-05-20,937478482934.9175,-0.007792206891805361,1173.188741710717
279,2019-05-21,943026366373.5011,0.005987037743876179,1180.2126669880297
280,2019-05-22,947388817403.1809,0.004785990228008512,1185.8611532792063
281,2019-05-23,939503256452.5819,-0.007968791684042204,1176.4112727825263
282,2019-05-24,950619227760.1248,0.011794378267896699,1190.2863123323411
283,2019-05-27,781035527956.2151,0.004645100588536643,1195.8153119822832
284,2019-05-28,952890179091.9988,-0.0014540290777305103,1194.0765617470656
285,2019-05-29,939409085588.1215,-0.014043756419722008,1177.3072413673906
286,2019-05-30,499661985473.462,0.00867371681582044,1187.5188709842262
287,2019-05-31,911374804636.6299,-0.005216660165728476,1181.3239885939117
288,2019-06-03,944773003113.0304,0.006813278400564582,1189.3726778094674
289,2019-06-04,944953793355.2878,0.0002913471000444459,1189.7191980900193
290,2019-06-05,924406504065.265,0.00674001097436499,1197.7379185415587
291,2019-06-06,915141505983.6814,0.00027908822295612365,1198.0721930888117
292,2019-06-07,957515437538.5442,0.006972739962017023,1206.4260389469434
293,2019-06-10,507137416779.30695,0.0016478691099126553,1208.4140711499183
294,2019-06-11,961163260940.8408,0.003040994150953234,1212.088851272215
295,2019-06-12,964016102420.4786,0.0029414176125508854,1215.6541107673236
296,2019-06-13,967247581981.6536,0.003529329717166695,1219.9445549462507
297,2019-06-14,966444253671.6438,-0.000905484975870111,1218.8399134803524
298,2019-06-17,964167362811.0153,-0.0021274306558262705,1216.2469160838696
299,2019-06-18,978637371558.2361,0.015040228563428251,1234.5395476913359
300,2019-06-19,977676721711.6729,-0.0007212773692779484,1233.6491022541074
301,2019-06-20,972731648557.8832,0.00443580124808152,1239.121324481581
302,2019-06-21,916200294035.9049,-0.005900849688784631,1231.8094557996474
303,2019-06-24,976553531835.4458,0.00031719586329205193,1232.2001806633912
304,2019-06-25,976475479747.4457,-0.00010844280431334733,1232.0665574203247
305,2019-06-26,966575170285.3938,-0.009959354875152107,1219.7959693451687
306,2019-06-27,963470538614.9325,-0.00284054011235297,1216.3310899653573
307,2019-06-28,967034003168.1301,0.0038306111842614943,1220.9903814423435
308,2019-07-01,973044490662.0156,0.006212212339113004,1228.5754329558781
309,2019-07-02,976937792477.6426,0.0043047675952799045,1233.8641646680235
310,2019-07-03,983697685347.3506,0.007039035020916816,1242.549377734176
311,2019-07-04,947742693458.3761,-0.0008344018417788246,1241.5125922448935
312,2019-07-05,970375422255.4517,-0.01260623673239904,1225.8617906008
313,2019-07-08,971326582698.0944,0.0010879015785154288,1227.1954075778365
314,2019-07-09,969499804656.9993,-0.0018210615461876137,1224.9606092114384
315,2019-07-10,964980578780.3634,-0.004517762988269079,1219.4265275090554
316,2019-07-11,962664458743.8335,-0.0023637148632194233,1216.5441509013783
317,2019-07-12,959150019101.7827,-0.003421907342405753,1212.381249539048
318,2019-07-15,963036255063.9031,0.0052293209970980135,1218.7211802637503
319,2019-07-16,967905866980.6892,0.0049946444520075,1224.8082592452986
320,2019-07-17,971066734424.6329,0.0035900435138679944,1229.2053741921343
321,2019-07-18,971648039151.2047,0.0026246882768502173,1232.4316551276177
322,2019-07-19,974069857609.4133,0.00238259165105109,1235.3680364996158
323,2019-07-22,973699219013.4532,-0.0002555152223525793,1235.0523811610824
324,2019-07-23,980815551485.8495,0.007476393976040675,1244.28611934369
325,2019-07-24,980204089818.7241,-0.00047632498279985905,1243.6934347792956
326,2019-07-25,968092574679.8038,-0.01208260002554783,1228.6663844524576
327,2019-07-26,973928604484.505,0.006244351943911786,1236.3386097786322
328,2019-07-29,973371688161.8385,-0.000314471659624125,1235.9498163241576
329,2019-07-30,965053653916.9601,-0.008470371706521092,1225.4808619692856
330,2019-07-31,969956565193.044,0.005157759569831599,1231.801597612753
331,2019-08-01,597489914953.9569,0.008464553533094114,1242.228248177897
332,2019-08-02,961437185822.6898,-0.013461600898322905,1225.5058672763034
333,2019-08-05,940414638139.7051,-0.02165193457597187,1198.9712944155672
334,2019-08-06,935977605403.1904,-0.004617387105335289,1193.4351798210655
335,2019-08-07,934090534775.9528,-0.0017228833684665257,1191.379030198409
336,2019-08-08,951281530012.1019,0.018619905283406495,1213.56239489734
337,2019-08-09,944540506984.9777,-0.006985330082254804,1205.0852609935705
338,2019-08-12,946623824594.2549,0.0023459511954353083,1207.9123322021999
339,2019-08-13,947235345206.6111,0.0007317806131969001,1208.796259029347
340,2019-08-14,935134845633.9153,-0.012573745276320904,1193.5971627773424
341,2019-08-15,899158910717.4144,-0.004430269350420641,1188.309205850341
342,2019-08-16,949566822902.4376,0.014842077467707203,1205.9461831391613
343,2019-08-19,956611542677.7981,0.007451245807638971,1214.9319845805153
344,2019-08-20,951857746670.4979,-0.004706032503544135,1209.2144751714839
345,2019-08-21,962385272206.817,0.011170690049985312,1222.72223527758
346,2019-08-22,956262352650.3364,-0.006307081677193009,1215.0104262711643
347,2019-08-23,950810606910.1829,-0.0056189693084814675,1208.1833199764617
348,2019-08-26,808716624554.292,-0.0028973476779132804,1204.6827928398343
349,2019-08-27,958284580409.3732,0.010508553590259229,1217.3422665276548
350,2019-08-28,954195056250.573,-0.004119320346264661,1212.3276437607797
351,2019-08-29,962110707120.3369,0.00840820528523141,1222.5211434624812
352,2019-08-30,972940339148.8602,0.011534277844460953,1236.6220420019056
353,2019-09-02,942006378223.132,0.003111606339063581,1240.4699229868243
354,2019-09-03,973318689584.4155,-0.0024414400952274965,1237.4413899799204
355,2019-09-04,978581152552.909,0.005474617238468826,1244.2159079450992
356,2019-09-05,979802128348.8962,0.0015804481646948967,1246.1823266932952
357,2019-09-06,982830440776.2638,0.003195005656329856,1250.1638862758987
358,2019-09-09,975352352542.9722,-0.007414293383712431,1240.894804445327
359,2019-09-10,970732599985.6422,-0.004418130412954309,1235.41236937053
360,2019-09-11,981097105292.3684,0.01072097328306443,1248.657192376119
361,2019-09-12,981701253493.8744,0.000776154946282525,1249.626343832193
362,2019-09-13,978219711774.2668,-0.003237315883139001,1245.5809086213162
363,2019-09-16,972816662403.2614,-0.005450358865175713,1238.7920456737183
364,2019-09-17,972348830890.375,-0.0002539359787330505,1238.4774718031535
365,2019-09-18,969966518170.0266,-0.0021300286746195303,1235.8394792753425
366,2019-09-19,975535097445.7952,0.005842552200552207,1243.059935944512
367,2019-09-20,975504533822.874,0.00013430452802151922,1243.2268845225117
368,2019-09-23,970675459136.0552,-0.004877535778003233,1237.1630009130777
369,2019-09-24,973387467034.9407,0.0024534636709001075,1240.1983353907997
370,2019-09-25,964770579014.7987,-0.008585114165822605,1229.5510910932064
371,2019-09-26,974627461706.565,0.010283982388111415,1242.195772859292
372,2019-09-27,977313235589.749,0.0027668369972825386,1245.6327260815071
373,2019-09-30,981050469044.992,0.003770930538043947,1250.3299205674748
374,2019-10-01,971334016225.0021,-0.009837205357239365,1238.0301683745517
375,2019-10-02,944714678520.5708,-0.0272823018920142,1204.253855569536
376,2019-10-03,914350436390.4833,0.001285539169331002,1205.8019710706885
377,2019-10-04,954203951573.5535,0.009053170371871824,1216.7183017495304
378,2019-10-07,960126437798.163,0.006237848324875222,1224.3080059699437
379,2019-10-08,950077734816.2205,-0.01016677598740565,1211.86074073366
380,2019-10-09,953503820986.4078,0.003708064903450294,1216.3543990142437
381,2019-10-10,957037888109.4558,0.003953123701709353,1221.1627984186653
382,2019-10-11,967885705910.5375,0.011649770843448816,1235.3890651827874
383,2019-10-14,964202734067.3507,-0.0037294375767830974,1230.7817587811478
384,2019-10-15,969990822050.1234,0.006123522879872243,1238.3184790411735
385,2019-10-16,970410966787.6362,0.0005250662733553389,1238.9686783101909
386,2019-10-17,970403974806.3804,5.5518579410000704e-05,1239.037464091144
387,2019-10-18,965815143498.4346,-0.004395201278360165,1233.5916450450345
388,2019-10-21,971374139472.0955,0.006256677401599606,1241.3098300133897
389,2019-10-22,972629489875.9313,0.001355503125662492,1242.9924293678885
390,2019-10-23,973591087456.4144,0.0011115711476896402,1244.3741038891706
391,2019-10-24,981659938962.808,0.008456992246084784,1254.89776603699
392,2019-10-25,985613849064.6967,0.004294971872391052,1260.2875166448453
393,2019-10-28,987570779083.251,0.0021272932940841877,1262.9685178276218
394,2019-10-29,988439735413.3209,0.0015944661144014136,1264.9822783328536
395,2019-10-30,990350151856.9045,0.002041415686472148,1267.5646329989515
396,2019-10-31,989345609552.9413,-0.0008711039648048934,1266.4604524214997
397,2019-11-01,988621435781.0707,0.0070706993808760076,1275.4152135583404
398,2019-11-04,1006001882721.5743,0.010045614666630814,1288.227543333706
399,2019-11-05,1002159965041.886,-0.0036943609499276173,1283.4683658029928
400,2019-11-06,1004248681688.0254,0.002191099674456127,1286.2805729214783
401,2019-11-07,1005221546079.503,0.0011452871980026434,1287.7537335946847
402,2019-11-08,1005597881441.113,0.0005897496716115946,1288.5131859361888
403,2019-11-11,1001177821535.2802,0.0030632259848182098,1292.4601930091294
404,2019-11-12,1010719308338.9855,0.002304615319486308,1295.4388165697644
405,2019-11-13,1012919983249.1991,0.002344355290569771,1298.4757854129991
406,2019-11-14,1011036000921.9315,-0.0017971311506858147,1296.1422541306222
407,2019-11-15,1014217849344.2474,0.0033041673739100984,1300.4249250786668
408,2019-11-18,1016912316540.9308,0.0027903388936196417,1304.0535513253462
409,2019-11-19,1014395334376.955,-0.0023848404162722667,1300.943591711162
410,2019-11-20,1013861797192.471,-0.0004356782509735626,1300.37679888251
411,2019-11-21,1009438274267.7681,-0.004318018794901974,1294.7617474244807
412,2019-11-22,1012389322853.0725,0.002979526678743508,1298.6195245935487
413,2019-11-25,1021851541495.9441,0.009352230066816394,1310.7645131568072
414,2019-11-26,1026824366261.3352,0.004931557868858624,1317.2286242058863
415,2019-11-27,1030166410823.6434,0.0032556336905213284,1321.51703809297
416,2019-11-28,990803913166.0367,-0.0016391337895332522,1319.350894862388
417,2019-11-29,1024954524840.9972,-0.003423401614307169,1314.8342268790784
418,2019-12-02,1010169617635.1569,-0.014215222821362635,1296.1435653708381
419,2019-12-03,1006242959555.6858,-0.0038428444610481573,1291.1626872499296
420,2019-12-04,1014870667848.5692,0.008671758946150758,1302.359338834025
421,2019-12-05,1014517661663.2966,-0.00026128351382005184,1302.0190538097181
422,2019-12-06,1005250559475.6323,0.012360616219052347,1318.1128116437537
423,2019-12-09,1024806663736.9943,-0.0017697466802234698,1315.780085871187
424,2019-12-10,1024128130832.878,-0.0006259903894651034,1314.9564201827823
425,2019-12-11,1024275263355.8214,0.00023013057222010278,1315.2590318562034
426,2019-12-12,1026492420472.9838,0.0023439961406693387,1318.3419939508547
427,2019-12-13,1029328522094.2338,0.0028575376580435036,1322.1092058447493
428,2019-12-16,1040264842341.174,0.01082005147551649,1336.4144955082438
429,2019-12-17,1040900108481.8774,0.0007679190763548182,1337.4407536932615
430,2019-12-18,1040225042971.5259,-0.0005732791669621561,1336.674026772123
431,2019-12-19,1042012278748.3556,0.0017421350232303095,1339.0026934088048
432,2019-12-20,1049712304712.0471,0.0075642620237979415,1349.1312606323202
433,2019-12-23,1053360934243.0657,0.0030175079388801156,1353.2022749218695
434,2019-12-24,443002159079.694,-0.00018347029361943316,1352.954002503163
435,2019-12-26,35600788091.225,-0.044729469943167156,1292.43708711371
436,2019-12-27,1053724559944.6769,0.002343848714363114,1295.466364118737
437,2019-12-30,1043964244004.3207,-0.009201579588958958,1283.546027264479
438,2019-12-31,439205256663.41077,0.00039706577125369003,1284.0556794577346
439,2020-01-02,649443569907.0435,0.005978909698863585,1291.7329324135253
440,2020-01-03,1046211220595.4541,-0.0014785452256573328,1289.823046853481
441,2020-01-06,963852730609.3005,-0.0035356348228738985,1285.2627035736805
442,2020-01-07,1043770169999.7952,0.0011103705704380517,1286.6898214550104
443,2020-01-08,1043720637524.0322,5.799579601647207e-05,1286.764444055432
444,2020-01-09,1046458103665.4741,0.002663404705958125,1290.1916185311889
445,2020-01-10,1042651159401.7056,-0.003547610715336058,1285.6145209204508
446,2020-01-13,1041586711562.6537,-0.001014146476848059,1284.3107194834747
447,2020-01-14,1047727492620.9598,0.005958479738273383,1291.9632588831644
448,2020-01-15,1050606605236.7013,0.0029082022664015496,1295.720549360756
449,2020-01-16,1053033532536.0281,0.002399171459534512,1298.8292051223148
450,2020-01-17,1064276249941.9738,0.010740086465456005,1312.778743089188
451,2020-01-20,1025208055922.2993,-0.0027519650871598994,1309.1660218210409
452,2020-01-21,1059914965350.9443,-0.001293466206585704,1307.4726598130053
453,2020-01-22,1058320821454.1554,-0.001412698049965873,1305.6255957361036
454,2020-01-23,1054802074567.9719,-0.003235332166361238,1301.4014632489939
455,2020-01-24,1063693225385.8875,0.008548496699296849,1312.5264893620379
456,2020-01-27,1045067184749.7651,-0.0174065044786672,1289.6799911465882
457,2020-01-28,1050450354401.9303,0.005493092758214837,1296.7643229663702
458,2020-01-29,1056673294769.5232,0.0060291345727968475,1304.582689578736
459,2020-01-30,1046778430000.6708,-0.009112835785797777,1292.6942417596106
460,2020-01-31,1035711651700.9999,-0.010445789490118075,1279.1910298351017
461,2020-02-03,1041563487656.5468,0.005698207660984761,1286.480125961171
462,2020-02-04,1055429182008.7655,0.013446106591573526,1303.7782748627858
463,2020-02-05,1071291101666.1172,0.015202772530534803,1323.5993194057778
464,2020-02-06,1075200569725.257,0.0037598546735722505,1328.5758604927826
465,2020-02-07,1071388354510.6464,-0.003449783073440579,1323.9925619774729
466,2020-02-10,1076719221555.3021,0.005062272359546276,1330.6949729282164
467,2020-02-11,1084863900155.0894,0.007735776405219766,1340.988931702339
468,2020-02-12,1087388179773.748,0.0024108124328094753,1344.221804491147
469,2020-02-13,1089886930138.81,0.0023316265744120638,1347.3560277724025
470,2020-02-14,1092060438381.6676,0.0020807293700735655,1350.1595110313342
471,2020-02-17,1053469715574.378,0.0014880189428341283,1352.1685739595964
472,2020-02-18,1091051254915.4774,-0.002172918341567322,1349.2304220643487
473,2020-02-19,1097775031111.4407,0.006146630828599076,1357.523643371493
474,2020-02-20,1085725978939.509,-0.010681903245148484,1343.0227071599973
475,2020-02-21,1080503705283.9526,-0.004731295336515426,1336.668470088777
476,2020-02-24,1040925621199.7201,-0.03640962148383537,1288.0008770434672
477,2020-02-25,1014604765645.3826,-0.02508552467891116,1255.690699255934
478,2020-02-26,1015122611241.2823,0.0005913027386357247,1256.4331926052835
479,2020-02-27,983983815271.4491,-0.03042579989732601,1218.2052077027167
480,2020-02-28,952981046679.0785,-0.031238091481432913,1180.1508019813414
481,2020-03-02,947665197046.2117,0.0010207846480942133,1181.3554818024402
482,2020-03-03,958264334793.33,0.011668565327091375,1195.1402054163696
483,2020-03-04,971229060130.6945,0.014033344777161292,1211.9120199760248
484,2020-03-05,956363678008.8057,-0.015118875986979993,1193.5892724388768
485,2020-03-06,925441542618.0786,-0.032168093741952945,1155.1937808336736
486,2020-03-09,871094375645.8904,-0.058300817278816995,1087.8450392956638
487,2020-03-10,866095621641.956,-0.00510218934389089,1082.294647928365
488,2020-03-11,859780514718.3022,-0.007085368734483013,1074.6261912684352
489,2020-03-12,764903711040.4819,-0.10870930588863516,957.8043239258959
490,2020-03-13,779683033476.3546,0.02008848926073182,977.0451658009638
491,2020-03-16,739946523458.417,-0.048908258625456356,929.2595881432184
492,2020-03-17,755802440828.895,0.023390908773253356,950.9958143961474
493,2020-03-18,722674814647.9535,-0.04093849249692205,912.0634793838864
494,2020-03-19,756569903732.5966,0.04830351526841716,956.1193515860717
495,2020-03-20,759865592523.8448,0.00676991355384625,962.5921969434688
496,2020-03-23,723178295448.6932,-0.04738050296578624,916.9840945013461
497,2020-03-24,774351502033.4517,0.07244868933567947,983.4183902896335
498,2020-03-25,800123252258.2701,0.0347565761919453,1017.5986465002953
499,2020-03-26,826626885055.0323,0.03388831819397129,1052.083353226652
500,2020-03-27,802604785141.5787,-0.028383461553633377,1022.2215858191256
501,2020-03-30,812974893258.7172,0.013542204217496521,1036.0647192898211
502,2020-03-31,827777820349.8645,0.01847279995942053,1055.2037355942753
503,2020-04-01,800434594542.3914,-0.03223899547018905,1021.1850271423249
504,2020-04-02,807394656978.6904,0.009068696673964427,1030.4458444014726
505,2020-04-03,802983861852.8958,-0.005018102452693961,1025.2749615823134
506,2020-04-06,831790516695.9956,0.03657174285415597,1062.7710538321062
507,2020-04-07,846117748757.1669,0.01703246460505421,1080.8726641897777
508,2020-04-08,842910285799.7992,-0.003448061655884992,1077.1457486014906
509,2020-04-09,818844569289.9236,0.016328460741087757,1094.7338806699597
510,2020-04-13,27917751638.579502,-0.013358473686665803,1080.1099069311285
511,2020-04-14,862996890291.752,0.009383897285245114,1090.245547354546
512,2020-04-15,838389990049.3827,-0.0276974955995616,1060.048476104252
513,2020-04-16,849096651870.9135,0.013196505943687197,1074.037412119758
514,2020-04-17,869796916449.8436,0.02463864511997756,1100.500238762556
515,2020-04-20,872973959888.6245,0.0043358113804102,1105.2718002219267
516,2020-04-21,843087586896.5323,-0.03373285428345528,1067.987827641428
517,2020-04-22,854656528023.9288,0.014031534061131676,1082.9733352218527
518,2020-04-23,860719989134.6213,0.007694169031604678,1091.3059151197701
519,2020-04-24,849153205500.0938,-0.013432167264282112,1076.6473115313809
520,2020-04-27,865900030209.4429,0.020021045564322028,1098.2029164122553
521,2020-04-28,876323091217.827,0.012338511995079935,1111.7531062694395
522,2020-04-29,881387535016.3176,0.006512424013157495,1118.9933138954111
523,2020-04-30,864565178936.7012,-0.01870670948069774,1098.0606310615265
524,2020-05-01,182048328441.49768,-0.010970100205277116,1086.0147959073117
525,2020-05-04,839534371998.0228,-0.026381212134677732,1057.3644091950823
526,2020-05-05,853352772570.454,0.016904297308062782,1075.2384115310801
527,2020-05-06,853625190161.2589,0.0005337165888447893,1075.8122841082775
528,2020-05-07,860879210437.1803,0.008731939091831255,1085.2062114473547
529,2020-05-08,710947332792.3591,0.011161255642972321,1097.31847539866
530,2020-05-11,869701188424.3945,0.0015700654032678857,1099.0413371732502
531,2020-05-12,872245321143.9597,0.0032032661170449213,1102.561859049849
532,2020-05-13,854102481647.2926,-0.015024578853988555,1085.9963314571544
533,2020-05-14,833072399497.7588,-0.024349615155985042,1059.5527387253612
534,2020-05-15,832665980617.0475,-0.0002457765092617855,1059.2923255518585
535,2020-05-18,862972599207.2047,0.037336394718105154,1098.8424819405222
536,2020-05-19,859896429593.1199,-0.0029958087478811632,1095.5505600205813
537,2020-05-20,865629147202.0793,0.006860349112596223,1103.0664193328228
538,2020-05-21,412582656464.01544,-0.005967087105800233,1096.4843259251807
539,2020-05-22,826350717853.888,-0.002978863289247652,1093.2180490194467
540,2020-05-25,720433433495.0548,0.017207287211412195,1112.029365973624
541,2020-05-26,881615412497.8901,0.01096836637177745,1124.2265114757981
542,2020-05-27,880155286531.7109,-0.0011224545555129557,1122.9646183065636
543,2020-05-28,893032970422.8905,0.014980946185943925,1139.7876908221333
544,2020-05-29,879183207422.3131,-0.015057753558517418,1122.625048664702
545,2020-06-01,452007545580.12744,0.020809377027826242,1145.9861765632475
546,2020-06-02,895071489278.0819,0.008113404300204978,1155.284025736151
547,2020-06-03,914051019668.9923,0.021773663467603007,1180.4387913220276
548,2020-06-04,908245014520.3032,-0.0062152240544822695,1173.102099751359
549,2020-06-05,890898817335.588,0.019549646736408664,1196.0358313872373
550,2020-06-08,919744277717.642,-0.005000271622305064,1190.0553273602916
551,2020-06-09,915476594955.3777,-0.00426905061706859,1184.9749209306783
552,2020-06-10,910723159371.4469,-0.00479900929021226,1179.2882152764635
553,2020-06-11,878332645396.6705,-0.030641564880618713,1143.1529789151207
554,2020-06-12,882605563816.6073,-0.0005077718276728471,1142.5725180377074
555,2020-06-15,882248994124.9418,-0.0003103134005657981,1142.217962474242
556,2020-06-16,904186506819.4716,0.024869108069045995,1170.6239044214194
557,2020-06-17,913983970549.9209,0.011197357329027028,1183.7317985771267
558,2020-06-18,912529010235.2655,-0.0014551303050135903,1182.009314564009
559,2020-06-19,851807609738.6244,0.008019031919298179,1191.4878849864053
560,2020-06-22,908772962156.6532,-0.011084905524137505,1178.2803543481766
561,2020-06-23,917708977283.9412,0.010090023761684573,1190.1692311214758
562,2020-06-24,895021364649.3335,-0.02459892731883453,1160.8923447080056
563,2020-06-25,899646627207.6158,0.005271443571609034,1167.0119231958467
564,2020-06-26,896135580544.4473,-0.0037009951207787966,1162.6928177622083
565,2020-06-29,898066070165.2689,0.002341280821786851,1165.4150081580642
566,2020-06-30,898405309884.1699,0.00048680639474294536,1165.982339636565
567,2020-07-01,901984719201.5365,0.004141571660367563,1170.811339050893
568,2020-07-02,916395175868.791,0.016096524361196893,1189.6573322922911
569,2020-07-03,882560272258.7568,-0.006675754628406758,1181.7154718500228
570,2020-07-06,923625944159.3969,0.014597678546235419,1198.9657744412023
571,2020-07-07,919833025412.4293,-0.004005220571312874,1194.1636520571103
572,2020-07-08,914160008030.6489,-0.006136929329950116,1186.8351541160407
573,2020-07-09,907416070418.1062,-0.007088209525626255,1178.4226178712872
574,2020-07-10,915166777545.3546,0.008582630772006158,1188.5365840938573
575,2020-07-13,920423017082.6892,0.005863488476013867,1195.5055546580124
576,2020-07-14,915421455799.6368,-0.005245157855794764,1189.2349393063519
577,2020-07-15,930028715069.2152,0.016174902514744047,1208.4706985167595
578,2020-07-16,926137953325.9794,-0.003920755310402823,1203.7325806080837
579,2020-07-17,923957256896.0076,-0.0023953227107772245,1200.8492526200507
580,2020-07-20,929088925479.1433,0.0052906066765580195,1207.2024736935023
581,2020-07-21,926157345534.3612,-0.002918698444046292,1203.6790137118842
582,2020-07-22,923466547628.603,-0.0027424445000376646,1200.3779908209192
583,2020-07-23,921154476413.6327,-0.002339374128859542,1197.5698576043403
584,2020-07-24,907080065666.361,-0.01511976314281067,1179.4628850103932
585,2020-07-27,903468409208.0642,-0.0038514946532006624,1174.920190015127
586,2020-07-28,907122176312.8129,0.0042300556684731,1179.890167824904
587,2020-07-29,909753817330.9286,0.0030820358551256646,1183.5266316272505
588,2020-07-30,893669849041.6462,-0.016613964307765298,1163.8635624121057
589,2020-07-31,882778658551.5144,-0.011906546488614833,1150.0059667998412
590,2020-08-03,901116485584.6935,0.020929363417231606,1174.07485961098
591,2020-08-04,891632450135.2676,-0.010132041638681305,1162.1790842464725
592,2020-08-05,893757163177.8599,0.00275050776046663,1165.3756668367444
593,2020-08-06,890283575989.5833,-0.0037233153340020643,1161.0366057465383
594,2020-08-07,894466868387.8756,0.004743044402408023,1166.543453920415
595,2020-08-10,898667076476.5769,0.004887647920864438,1172.245107607567
596,2020-08-11,910760021744.2872,0.013742710778973242,1188.354933083484
597,2020-08-12,920960906288.0021,0.011335570949329823,1201.825614740438
598,2020-08-13,919695680533.8907,-0.0013122422148244782,1200.2485284339182
599,2020-08-14,907011796516.8771,-0.013629068870129074,1183.8902585786213
600,2020-08-17,911010704837.1436,0.004522131351635578,1189.2439658338355
601,2020-08-18,904705522069.3407,-0.006867714868241878,1181.0765773677115
602,2020-08-19,910179664200.6382,0.006119853071067387,1188.304592486881
603,2020-08-20,904787726581.5386,-0.005812446507440073,1181.3976356085054
604,2020-08-21,906536117943.8646,0.00188981776096181,1183.6302618430368
605,2020-08-24,917740726930.9937,0.012481045368943832,1198.4032048411548
606,2020-08-25,915701484782.3549,-0.0021369110499697293,1195.8423237904105
607,2020-08-26,920318197467.2275,0.0051276014867869405,1201.974126667841
608,2020-08-27,916088190769.6873,-0.004528537983450433,1196.5309411801009
609,2020-08-28,912126044959.4485,-0.0042452435858409045,1191.451375876796
610,2020-08-31,790142625991.8486,-0.007960893977153213,1181.9663577945075
611,2020-09-01,904867774469.381,-0.0006310036979344324,1181.2205326519052
612,2020-09-02,922776115471.5553,0.019914449650223157,1204.7438894752115
613,2020-09-03,912612911650.5437,-0.010901339810997793,1191.610566950819
614,2020-09-04,905690478707.7687,-0.007255172277398589,1182.9652270000222
615,2020-09-07,886907779194.1217,0.016390824262498428,1202.355002144426
616,2020-09-08,913250889233.4082,-0.006993139540105687,1193.946765837686
617,2020-09-09,929622035561.2175,0.018011855224062442,1215.451962129192
618,2020-09-10,924772892240.6056,-0.004971295308119413,1209.4095914926145
619,2020-09-11,926080110897.7584,0.0014834131782556126,1211.2036456185433
620,2020-09-14,925502108893.2867,-0.00041852960933812955,1210.6967210299138
621,2020-09-15,933693190088.3872,0.00889341100386042,1221.4639445710588
622,2020-09-16,936471178001.8301,0.0030766914109541616,1225.2220121981109
623,2020-09-17,933168269079.8813,-0.003358842639821317,1221.1066842602922
624,2020-09-18,929448404139.7103,-0.0038725588805190907,1216.3778767260987
625,2020-09-21,903043623957.8126,-0.027980426588275792,1182.3431048427612
626,2020-09-22,902450987938.1554,-0.000583362121533433,1181.6533706607397
627,2020-09-23,903188004856.353,0.0009832501267116641,1182.8152314871713
628,2020-09-24,894373050726.7903,-0.009637176527474313,1171.416232301944
629,2020-09-25,896865463271.1864,0.0028618295107636616,1174.7686258449332
630,2020-09-28,917676682334.5277,0.024011652878239597,1202.9767623009684
631,2020-09-29,914540412807.3032,-0.0033335324984883133,1198.9666001689118
632,2020-09-30,912673741131.0846,-0.0021826264672090995,1196.3497039340834
633,2020-10-01,916075388921.5988,0.003995731646565296,1201.1299963064519
634,2020-10-02,917878302652.1307,0.0022194077889118994,1203.7957935757502
635,2020-10-05,926426501601.4565,0.009354307189621778,1215.0564692224323
636,2020-10-06,923660804565.2493,-0.002708935038196774,1211.7649601795679
637,2020-10-07,921330124449.8844,-0.002462777319989232,1208.78065291848
638,2020-10-08,928742998694.382,0.008207769732874631,1218.7020461751888
639,2020-10-09,931134031393.7031,0.0026454619119354985,1221.9260760203433
640,2020-10-12,937797006079.5851,0.007381304278812351,1230.9454841936647
641,2020-10-13,932947412419.7079,-0.00494800932326191,1224.8547544614473
642,2020-10-14,933290562092.1814,0.00045242476049718643,1225.4089090803784
643,2020-10-15,914854718283.2545,-0.019545009679341134,1201.4582800912515
644,2020-10-16,924854951222.9594,0.010947476552631334,1214.6112164415154
645,2020-10-19,921688474187.7803,-0.0032730200982824848,1210.635769518503
646,2020-10-20,920553630304.5391,-0.0011605733832425109,1209.2307378675985
647,2020-10-21,905311715399.8932,-0.016447671780878872,1189.3417075838022
648,2020-10-22,906329933961.5082,0.0012431054622306658,1190.8201847569583
649,2020-10-23,907597024728.4268,0.0015276517389904952,1192.639343283027
650,2020-10-26,879632721108.8575,-0.012498036766560342,1177.7336929214293
651,2020-10-27,885283325382.9432,-0.012082185975428204,1163.5040954140247
652,2020-10-28,862019177714.5774,-0.026110218077474046,1133.1247497487304
653,2020-10-29,859187781855.4446,-0.003034577278680119,1129.6861951292328
654,2020-10-30,863413659435.8743,0.004999781822932352,1135.3343796332576
655,2020-11-02,878018397605.0292,0.017083199041247072,1154.7295228189032
656,2020-11-03,896512155539.2664,0.021169512444381016,1179.174583822112
657,2020-11-04,913894516727.0426,0.019729592515938067,1202.439217866073
658,2020-11-05,923556214733.1337,0.010827979291379887,1215.45920481627
659,2020-11-06,926149049194.1545,0.0031996795305292256,1219.3482847541138
660,2020-11-09,959094204762.5869,0.040719853059323546,1268.9999677374396
661,2020-11-10,962626474998.5914,0.004569536437491062,1274.798709329191
662,2020-11-11,966812042997.1709,0.008966670237350342,1286.2294089747456
663,2020-11-12,962455098860.5763,-0.008419490195543368,1275.4000130766633
664,2020-11-13,962912969092.8885,0.0006338228635252829,1276.2083907650917
665,2020-11-16,974089359369.57,0.012230908934567693,1291.8175793740709
666,2020-11-17,976068973000.8741,0.00016164162257571523,1292.0263908636728
667,2020-11-18,979331468353.8613,0.0035049991468815572,1296.5549422613985
668,2020-11-19,975970083918.8453,-0.003247741928729745,1292.3440664125144
669,2020-11-20,979175440280.9064,0.0034094193643110183,1296.7502092978937
670,2020-11-23,977501177022.456,-0.001471296384950078,1294.8423054027705
671,2020-11-24,981111157976.6779,0.003265520597383851,1299.0706396214273
672,2020-11-25,983551574611.0377,0.0026540269943846123,1302.518408166595
673,2020-11-26,944352507716.7789,-0.0009302210633399135,1301.3067781079303
674,2020-11-27,983233615083.0785,0.0008126896866031897,1302.3643367056054
675,2020-11-30,977073364521.1444,-0.006040384187759302,1294.4975557594673
676,2020-12-01,978429859938.9398,0.00175728315580163,1296.77235450943
677,2020-12-02,978067051172.6117,-0.0001864782943646647,1296.5305346125817
678,2020-12-03,973340949753.452,-0.004800960010889881,1290.305943363009
679,2020-12-04,977873279903.7577,0.0047471707536770715,1296.4312460006374
680,2020-12-07,980543866821.2485,0.0028484574561753184,1300.1240752497267
681,2020-12-08,982994963363.5447,0.0026455477064252406,1303.563615515072
682,2020-12-09,984307407054.5615,0.001441464147608128,1305.4426557309632
683,2020-12-10,981717440799.4043,-0.0024871614753159263,1302.1958090493952
684,2020-12-11,978459195990.0721,-0.0032487074891009225,1297.9653557722606
685,2020-12-14,979223267239.8695,0.0008550784095203813,1299.075217924287
686,2020-12-15,978205799479.3801,-0.0007580362364013443,1298.0904718352895
687,2020-12-16,982151533532.508,0.004167757843753882,1303.500598581183
688,2020-12-17,986610664950.5778,0.0045629435904627905,1309.4483982826437
689,2020-12-18,983104757530.8485,-0.003357563350791254,1305.0518423308174
690,2020-12-21,962643975927.241,-0.020568647536995652,1278.208690968408
691,2020-12-22,974682845479.3446,0.01256982305014046,1294.2755480350327
692,2020-12-23,979508729558.6434,0.0050409889691199455,1300.7999767956787
693,2020-12-24,415396246693.3802,0.0024879176430712088,1304.0362600080553
694,2020-12-28,856252185909.1469,0.014939426120030611,1323.5178133722866
695,2020-12-29,1002753199272.9113,0.009953419042109257,1336.6913407784773
696,2020-12-30,1000087177868.9476,-0.0025260453247759208,1333.3147978664354
697,2020-12-31,404685679929.2686,-0.01142295749983926,1318.0843995965004
698,2021-01-04,1005118005074.8743,0.010144151839882754,1331.455247883788
699,2021-01-05,998364089793.1635,-0.006477197112589134,1322.8311497966536
700,2021-01-06,925680855008.8074,0.0107422791189349,1337.0413712349907
701,2021-01-07,1013092313650.7194,0.005674222169604314,1344.6280410253303
702,2021-01-08,1020969804642.3016,0.009998687840572052,1358.0725570692225
703,2021-01-11,1015833998527.8298,-0.004681714217733435,1351.7144494700779
704,2021-01-12,1012778489974.1444,-0.002782333930297053,1347.9535284932444
705,2021-01-13,1015126851569.2504,0.002443995439833771,1351.2479207699898
706,2021-01-14,1018101838454.4576,0.0032053561705268113,1355.5791516307413
707,2021-01-15,1011189567961.4012,-0.00651778840833314,1346.7437735496644
708,2021-01-18,973203562319.2925,0.0020369199596264043,1349.4869828225103
709,2021-01-19,1013523680546.1976,0.0006790860733696109,1350.4034006387387
710,2021-01-20,1018581314479.8472,0.005082906638258088,1357.2673750481715
711,2021-01-21,1016115139321.2677,-0.002165435128609052,1354.3283005953272
712,2021-01-22,1015060507400.2505,-0.0009169637485780147,1353.086430640008
713,2021-01-25,1009188253531.5596,-0.005535792028251149,1345.5960255637362
714,2021-01-26,1007111308111.2065,-0.0017808671616879356,1343.199697788912
715,2021-01-27,995932727793.5372,-0.010689379354796143,1328.8417266699987
716,2021-01-28,999915703524.6333,0.004350584527436978,1334.622964925462
717,2021-01-29,981542256477.6078,-0.018174299226062104,1310.3671278069326
718,2021-02-01,992656293569.456,0.011750524212212187,1325.764628469115
719,2021-02-02,1009020605130.9951,0.013038998412329292,1343.0512713548462
720,2021-02-03,1006330911638.335,-0.0026830647316099295,1339.44777785593
721,2021-02-04,1011673606498.5044,0.005629287035291893,1346.987913866265
722,2021-02-05,1011646594901.8121,0.00033628961133318284,1347.4408919082896
723,2021-02-08,1014218518233.2412,0.002673293591198731,1351.0429970091473
724,2021-02-09,1012638274599.4553,-0.0012887657588245408,1349.3018190559021
725,2021-02-10,1012751759751.9974,0.00020025272215806712,1349.572020418181
726,2021-02-11,1015193074082.6165,0.002708530269565474,1353.2273770864424
727,2021-02-12,1020504979101.2296,0.005785072995383639,1361.055896242239
728,2021-02-15,986402920131.8019,0.006457259786665143,1369.8445877484476
729,2021-02-16,1025364591585.2812,-0.0011137483636757097,1368.3189255803527
730,2021-02-17,1016443604455.5591,-0.008529269658721122,1356.6481644849464
731,2021-02-18,1009425773661.5339,-0.006833177300994832,1347.3779470419515
732,2021-02-19,1011450818044.3324,0.002312594457923138,1350.4938858150088
733,2021-02-22,1003087783180.4879,-0.008107874749337224,1339.544250539075
734,2021-02-23,997023306542.2642,-0.00556512201161361,1332.0895233448693
735,2021-02-24,1002522124363.4159,0.005786796671432025,1339.798054564611
736,2021-02-25,998380881465.1145,-0.00407426148163716,1334.339366957726
737,2021-02-26,986225619363.0679,-0.011921581435483808,1318.4319315319676
738,2021-03-01,1005422857390.228,0.019527663007793804,1344.1778259896387
739,2021-03-02,1007597204296.8077,0.004650477417273375,1350.428894614203
740,2021-03-03,1002656247837.09,-0.004627254376626958,1344.180116601276
741,2021-03-04,997021581739.3488,-0.00517291414116837,1337.226788267832
742,2021-03-05,986398709853.0914,-0.010507324549769525,1323.176112406856
743,2021-03-08,1006902435765.1675,0.021033624335371443,1351.007301684759
744,2021-03-09,1013388368685.5316,0.006662545608923999,1360.0084494502232
745,2021-03-10,1018139125062.6229,0.0047609274939459136,1366.4833510692097
746,2021-03-11,1023776614129.7225,0.005825315493788607,1374.4435477061973
747,2021-03-12,1021854313766.8665,-0.0018513435467487104,1371.898980513781
748,2021-03-15,1023327403413.8062,0.001646118957246631,1374.157289433032
749,2021-03-16,1034048696788.152,0.010638707855473,1388.7765473827787
750,2021-03-17,1026272869792.7817,-0.007457382856608385,1378.4199089666668
751,2021-03-18,1029784519627.6787,0.0035826817743540742,1383.3583488519284
752,2021-03-19,1023358200286.9174,-0.00598846598285032,1375.0741544377368
753,2021-03-22,1026292934731.8224,0.0031100338629967096,1379.3506816221698
754,2021-03-23,1029610098518.036,0.0033001325320556915,1383.9027216797042
755,2021-03-24,1030545940469.8663,0.0009674907880547287,1385.2416348144932
756,2021-03-25,1029329471207.6611,0.0019250364831221102,1387.9082754994506
757,2021-03-26,1037001002469.0366,0.007552090268438131,1398.3898840803347
758,2021-03-29,1045869136312.398,0.003408059150176166,1403.1556795202885
759,2021-03-30,1051481639073.5602,0.005456229043908195,1410.8116182920119
760,2021-03-31,1044784778083.9963,-0.0061309759983584336,1402.1619661220584
761,2021-04-01,994496430804.4166,0.007003902425728202,1411.9825717178446
762,2021-04-05,43404785933.3445,0.007994002673975162,1423.2699641717634
763,2021-04-06,1060623086155.2308,0.008361725969672376,1435.170957593033
764,2021-04-07,1055468225078.9752,-0.004864588636098878,1428.189441261867
765,2021-04-08,1066633090588.4962,0.010664561763260163,1443.4204557678402
766,2021-04-09,1069600644931.4019,0.0028954857239893127,1447.5998590912302
767,2021-04-12,1066661681696.685,-0.0026864123025634773,1443.7110090205783
768,2021-04-13,1066252634596.1768,-0.00029811416438525875,1443.2806183195103
769,2021-04-14,1064706173686.901,-0.0007593736767189423,1442.1846290098397
770,2021-04-15,1071514643489.6675,0.006490042069075079,1451.5444679234868
771,2021-04-16,1081602808211.057,0.007922729061442911,1463.044661463481
772,2021-04-19,1081494173876.9303,0.0009139286910929573,1464.3817799559426
773,2021-04-20,1063261597800.0245,-0.016527783770263486,1440.1787945397173
774,2021-04-21,1069075506896.2552,0.005585268890443354,1448.2225803575363
775,2021-04-22,1077870627088.7108,0.008454940856249524,1460.4672166211444
776,2021-04-23,1075509700647.596,-0.002053575067039782,1457.4680375588623
777,2021-04-26,1074095266700.243,-0.0011428143227915346,1455.8024222105291
778,2021-04-27,1075139460125.7968,0.0011997893356739794,1457.5490784315455
779,2021-04-28,1072660701598.9626,-0.0021395802846401217,1454.430535159438
780,2021-04-29,1069293599542.3846,-0.002837784112412214,1450.3031752941554
781,2021-04-30,1025121020617.7194,-0.0033435881220991123,1445.4539588237992
782,2021-05-03,915688898504.1399,0.009920541226777671,1459.79364441372
783,2021-05-04,1065579497508.8915,-0.008339173107675837,1447.6201725114688
784,2021-05-05,1082453139517.725,0.015960083666030783,1470.7243115813858
785,2021-05-06,1084320486297.7098,0.0016889598310505757,1473.2083058661963
786,2021-05-07,1090878619011.1514,0.006127521181363323,1482.2354209649518
787,2021-05-10,1093729875274.1964,0.0028268261968617866,1486.425442882852
788,2021-05-11,1073435070392.1477,-0.0184572552573268,1458.990109062578
789,2021-05-12,1077274682744.3185,0.0038795930937161197,1464.6503970134975
790,2021-05-13,549398336850.688,0.0022755716096841583,1467.983313875054
791,2021-05-14,1043803450320.6058,0.015818980154610803,1491.2053127845431
792,2021-05-17,1081328143400.9056,-0.0044610673103697325,1484.5529455106303
793,2021-05-18,1092514209678.2847,0.002798267365211367,1488.7071215699812
794,2021-05-19,1080071544175.7723,-0.011176042095684562,1472.0692681111695
795,2021-05-20,1093031827299.9569,0.012187831088298533,1490.0105997011838
796,2021-05-21,1101118899744.1372,0.00755017183444981,1501.2604357640791
797,2021-05-24,585764145233.0039,-0.00012962181691660593,1501.0658396587305
798,2021-05-25,1106605981142.035,0.005450354723466288,1509.2471809481485
799,2021-05-26,1110332384831.3025,0.003479635630222319,1514.4988112137883
800,2021-05-27,1112539735439.6194,0.002123009884304877,1517.714107159763
801,2021-05-28,1115367393971.697,0.0026513573856127098,1521.7381096670294
802,2021-05-31,913410015828.6674,-0.007949140887422657,1509.641599039526
803,2021-06-01,1117085185224.2913,0.007922170049176181,1521.6012365004276
804,2021-06-02,1119134349116.1968,0.0019269416209485315,1524.533273253527
805,2021-06-03,1112772141610.557,-7.162760507969128e-05,1524.4240745862996
806,2021-06-04,1120341393667.0315,0.001324887419999378,1526.4437648654632
807,2021-06-07,1124146241490.829,0.003467732883634542,1531.737064103906
808,2021-06-08,1127118306368.2852,0.0026769684711705688,1535.8374759306355
809,2021-06-09,1134503782252.9253,0.006732750024244465,1546.177885733943
810,2021-06-10,1135503946104.2124,0.0010759663042747298,1547.8415210394076
811,2021-06-11,1138564642179.3418,0.002697796509962937,1552.0172824928436
812,2021-06-14,1142757777693.807,0.00380648001581663,1557.9250052628547
813,2021-06-15,1147616320718.7148,0.004300009668831554,1564.6240978487992
814,2021-06-16,1151578369280.3826,0.003556655296013627,1570.1889264326837
815,2021-06-17,1147802236059.77,-0.0031540211046564826,1565.2365174204172
816,2021-06-18,1135476044487.6318,-0.010593618835423913,1548.6549983675789
817,2021-06-21,1145162428191.4575,0.008599898332072448,1561.973273904996
818,2021-06-22,1146126448223.7517,0.0008125182967094525,1563.2424057690148
819,2021-06-23,1139263504626.1277,-0.005851064172906283,1554.095774135052
820,2021-06-24,1149072028706.189,0.008559654520236831,1567.398297053008
821,2021-06-25,1054104325463.0764,-0.0022416561977958347,1563.8847289460045
822,2021-06-28,1141563541953.3574,-0.004208040667376145,1557.3038384075112
823,2021-06-29,1140987444004.245,-0.00032445680620552377,1556.79856057781
824,2021-06-30,1133112964167.5942,-0.0069238179517605285,1546.0195707568062
825,2021-07-01,1139726953396.084,0.005898875841507766,1555.1393482532417
826,2021-07-02,1146191841720.9487,0.005765170513237726,1564.1049917677672
827,2021-07-05,1100186457656.0083,0.0012790218267532383,1566.105516191572
828,2021-07-06,1145516975470.096,-0.0014347622135673873,1563.8585271744807
829,2021-07-07,1156891689109.551,0.01017455152311278,1579.770086334077
830,2021-07-08,1141924331638.1323,-0.01294851694579577,1559.314406600719
831,2021-07-09,1153012979252.1487,0.010030699986572036,1574.9554215980704
832,2021-07-12,1160863387148.0068,0.006886877991453658,1585.8019474285948
833,2021-07-13,1160997825643.6108,0.00017828768239328016,1586.0846763825366
834,2021-07-14,1157248161715.918,-0.0030965083067606308,1581.1733520068922
835,2021-07-15,1148808872034.3022,-0.00722959469782997,1569.742109524873
836,2021-07-16,1149027593634.2354,0.00033120382118617464,1570.2620141098246
837,2021-07-19,1128729784416.713,-0.017448934127017188,1542.8626156634648
838,2021-07-20,1136926172505.3909,0.007462708231582623,1554.3765492055775
839,2021-07-21,1149453865810.2708,0.011121323751348604,1571.6632740407968
840,2021-07-22,1161085144386.688,0.0102530417017603,1587.7776031306623
841,2021-07-23,1171834982616.43,0.009581799109166822,1602.9913691538948
842,2021-07-26,1167468763762.2302,-0.003522232605896453,1597.3452606864903
843,2021-07-27,1164441877478.0308,-0.0024899562095207135,1593.3679409358954
844,2021-07-28,1172330772191.739,0.006787246649586496,1604.182522154571
845,2021-07-29,1175449003979.042,0.002814330214309934,1608.6972214959385
846,2021-07-30,1172878083417.2766,-0.0019597166278493314,1605.544630801798
847,2021-08-02,1177020403003.2234,0.003469227316421674,1611.1146300927096
848,2021-08-03,1178752072155.6287,0.0016229776334786299,1613.7294331023202
849,2021-08-04,1181019711276.6162,0.0021120262614837742,1617.1376720439616
850,2021-08-05,1182964433562.8374,0.0017607596994772714,1619.9850628854033
851,2021-08-06,1182261623785.4883,-0.00047409972179072,1619.2170284177841
852,2021-08-09,1182335990014.4558,0.00011411588256020523,1619.4018067980385
853,2021-08-10,1184456175579.261,0.001820745765950425,1622.3503257811385
854,2021-08-11,1189923383728.8428,0.004727771817069841,1630.0204279287805
855,2021-08-12,1192161492015.7292,0.001799541413889582,1632.9537171943243
856,2021-08-13,1195659781369.3628,0.003144359370219416,1638.0883105161188
857,2021-08-16,1194795306764.819,-0.0008091364280794894,1636.7628735916692
858,2021-08-17,1199225724684.7468,0.000977104415383972,1638.362161822392
859,2021-08-18,1201078351259.272,0.0018467882366727073,1641.387869790255
860,2021-08-19,1186259835401.447,-0.012137756879892575,1621.465102881136
861,2021-08-20,1187291742833.8877,0.0011098994114181425,1623.2647660444588
862,2021-08-23,1196107098284.4333,0.007557047218874415,1635.5318545301918
863,2021-08-24,1192009391949.1758,-0.003428521614036065,1629.9243982164905
864,2021-08-25,1187500967295.6116,-0.003620045671415908,1624.0239974539918
865,2021-08-26,1184013815233.3875,-0.002972433265027368,1619.1966945007568
866,2021-08-27,1187958674947.6362,0.0035263099630513176,1624.9064839367147
867,2021-08-30,1023696239817.1171,-0.0022088760443024977,1621.317266930115
868,2021-08-31,1185620685500.6145,-7.724073881096241e-05,1621.1920351865704
869,2021-09-01,1192416312734.3833,0.005774872239529004,1630.5542120655148
870,2021-09-02,1194869329955.8872,0.00211255077503734,1633.998840629954
871,2021-09-03,1185442630873.5615,-0.007722373689570823,1621.380490974284
872,2021-09-06,1139611159418.9146,0.004568099183859556,1628.7871178718292
873,2021-09-07,1183508984095.8167,-0.0056808118543227905,1619.5342847044546
874,2021-09-08,1173590559653.1484,-0.008284568501362053,1606.1171419825162
875,2021-09-09,1170250380695.7695,-0.0024885556796032326,1602.1202300467273
876,2021-09-10,1163919361385.7544,-0.005268266061758754,1593.679834411915
877,2021-09-13,1165964468566.2935,0.0018295574310245087,1596.5955631956372
878,2021-09-14,1164714420593.8613,-0.0008736164355201586,1595.2007510707508
879,2021-09-15,1151699507662.1768,-0.010997808085342928,1577.6570393528798
880,2021-09-16,1155825086566.823,0.003674082096581361,1583.4534808357116
881,2021-09-17,1146929510550.5671,-0.007435798654649483,1571.6792395732134
882,2021-09-20,1133730755854.0217,-0.011229327018375491,1554.030339424054
883,2021-09-21,1145451291002.2483,0.010000276148555087,1569.5710719615274
884,2021-09-22,1151086000105.2742,0.0050433201285808105,1577.4869213419893
885,2021-09-23,1160531442035.8877,0.008377091145371973,1590.7016730627033
886,2021-09-24,1148714122037.276,-0.010149563122604266,1574.5567460227212
887,2021-09-27,1143835500028.7441,-0.003771253354815416,1568.6186936119357
888,2021-09-28,1121064174317.5232,-0.019834739610336317,1537.505550276237
889,2021-09-29,1129800734095.4292,0.007837452675448237,1549.5556772647662
890,2021-09-30,1130702039500.378,0.000704742398824571,1550.6477148498743
891,2021-10-01,1127104662573.2817,-0.003101413857586994,1545.8385145388033
892,2021-10-04,1124057442022.639,-0.0021293376934709276,1542.5469023217768
893,2021-10-05,1132166738217.5212,0.007455587780158354,1554.047496157048
894,2021-10-06,1124226436139.0532,-0.006795431302180039,1543.487073156588
895,2021-10-07,1140044128059.4453,0.01428881898618206,1565.5416805524344
896,2021-10-08,1132751394757.6863,-0.006307703375397691,1555.6667080096881
897,2021-10-11,1132735791850.6963,-1.3442507240306423e-05,1555.6457959487022
898,2021-10-12,1134604231172.999,0.0017143962678423826,1558.3127892953612
899,2021-10-13,1142832889770.3604,0.007504298266495319,1570.0068332587277
900,2021-10-14,1153473779418.4495,0.00949260123836466,1584.9102820683606
901,2021-10-15,1158907307381.4983,0.004663121026216537,1592.3009105293402
902,2021-10-18,1151716626320.2954,-0.006067957137953321,1582.638896853524
903,2021-10-19,1158619304052.203,0.0060109844521138624,1592.1521146558214
904,2021-10-20,1165743439772.1755,0.006274918362941729,1602.1427391966718
905,2021-10-21,1160104196333.9473,-0.00471221363658994,1594.5931003332657
906,2021-10-22,1165764247923.9343,0.005184089956688935,1602.8596144097087
907,2021-10-25,1162607818781.8362,-0.0026393183620259534,1598.6291575976475
908,2021-10-26,1139986695507.176,0.00891919051715755,1612.887635620544
909,2021-10-27,1167052145598.1492,-0.004406993367829037,1605.7796505073109
910,2021-10-28,1170884705937.7908,0.0036795060363071625,1611.6881264243316
911,2021-10-29,1169451679659.2031,-0.0023732972718854607,1607.8631113907584
912,2021-11-01,1170656178560.6504,0.00820701758760204,1621.058872224399
913,2021-11-02,1184398628364.7244,0.004723981052222251,1628.7167236213236
914,2021-11-03,1187767601939.5952,0.003067611538923583,1633.7129938363423
915,2021-11-04,1193463302926.1506,0.004872685362340887,1641.6735632276748
916,2021-11-05,1192776533915.7856,-0.00014534359740824037,1641.4349564862252
917,2021-11-08,1195327498282.4094,0.002305182364307349,1645.218763400075
918,2021-11-09,1197658945869.1929,0.0020383530127623603,1648.5723000231046
919,2021-11-10,1201819615095.643,0.0036768355277159363,1654.6338292258379
920,2021-11-11,1194517473018.7825,0.0009608236654228583,1656.2236405665672
921,2021-11-12,1214077951040.1921,0.010040598754259,1672.8531175888143
922,2021-11-15,1218919929685.4216,0.004086803121149193,1679.6897389310004
923,2021-11-16,1220069977436.63,0.0012549005369565653,1681.7975824863056
924,2021-11-17,1221403082909.2507,0.0011648120612260209,1683.7565605949264
925,2021-11-18,1215589717399.0696,-0.0047098221854634855,1675.826366590917
926,2021-11-19,1215937151386.0383,0.0006181183207815222,1676.8622255705557
927,2021-11-22,1219025952683.777,0.0026318942378532923,1681.2755495997087
928,2021-11-23,1205881929969.0208,-0.010389852245209778,1663.8073450558838
929,2021-11-24,1209462725070.895,0.003129894814572868,1669.0148870376224
930,2021-11-25,1162639242245.8865,0.005100441864247936,1677.5276004395223
931,2021-11-26,1176551485136.128,-0.03109504815681049,1625.3647989194765
932,2021-11-29,1186299171409.9863,0.008295552522186821,1638.8480979766266
933,2021-11-30,1177617692677.6128,-0.0067048654682027075,1627.8598419568734
934,2021-12-01,1190990948169.6035,0.011539018311607661,1646.6437464819446
935,2021-12-02,1183944356506.9856,-0.00568006692556635,1637.2906997993618
936,2021-12-03,1179144987709.3625,-0.004045357014640263,1630.6672743819233
937,2021-12-06,1172673327707.995,0.015741986690217185,1656.3372169114161
938,2021-12-07,1220995214385.9277,0.020245396306685672,1689.8704202853007
939,2021-12-08,1216656475331.8704,-0.0033473708449951413,1684.213797308618
940,2021-12-09,1215638672098.9045,-0.0007808892428424859,1682.8986128716529
941,2021-12-10,1212412259039.5828,-0.002645058420719739,1678.4472477244592
942,2021-12-13,1208706286766.0515,-0.0029548437208264055,1673.4876984137823
943,2021-12-14,1196831198499.7249,-0.00970471821666741,1657.246971861617
944,2021-12-15,1201876618791.5508,0.004433494918776664,1664.5943678905237
945,2021-12-16,1221139752859.3247,0.01643562434377356,1691.9530156059336
946,2021-12-17,1214660668182.8691,-0.005041303789682639,1683.4233664563944
947,2021-12-20,1203467257918.483,-0.009071702953746541,1668.151849730506
948,2021-12-21,1215365202213.3608,0.01044027689515832,1685.5678169448631
949,2021-12-22,1225079250456.0647,0.008121764727704863,1699.2576021866803
950,2021-12-23,1236553251057.9702,0.009396226847579434,1715.2242120893002
951,2021-12-24,391909179592.07556,-0.0022583832025276705,1711.350578540149
952,2021-12-27,1045792459623.9338,0.0068389480714486865,1723.0544162788285
953,2021-12-28,1053341553327.0468,0.007248465546196503,1735.5439168494472
954,2021-12-29,1255083987490.6902,0.003954505945117933,1742.4071355866417
955,2021-12-30,1253535808167.6162,-0.0012439196776929753,1740.239721064133
956,2021-12-31,439819548606.8127,0.000532321275707416,1741.1660876924864
957,2022-01-03,1054941658811.3992,0.0014484914735818767,1743.688151924599
958,2022-01-04,1264543648629.6763,0.007780968494297039,1757.2557344986035
959,2022-01-05,1264237855818.1567,-7.35717834199994e-05,1757.1264500602913
960,2022-01-06,1134084154807.4487,-0.014273048367848226,1732.0468992501553
961,2022-01-07,1234900376811.7502,-0.009954270488694674,1714.8056359159143
962,2022-01-10,1215197712657.6018,-0.015485590947756932,1688.2508572832123
963,2022-01-11,1224695246139.7498,0.00803461897363554,1701.8153096533965
964,2022-01-12,1230660422344.9187,0.004969640075809148,1710.2727192178759
965,2022-01-13,1228456391581.344,-0.0014827877216613814,1707.7367478291274
966,2022-01-14,1211795998245.7612,-0.013291982996644499,1685.0375400142377
967,2022-01-17,1173651512085.872,0.007706078630403108,1698.0225717927683
968,2022-01-18,1211226705803.186,-0.0076174097856630376,1685.0880380381172
969,2022-01-19,1216466235656.5142,0.0045295311460521095,1692.7206967902507
970,2022-01-20,1221381673607.2537,0.004164108016810589,1699.7693686139764
971,2022-01-21,1202232907295.538,-0.015473801464238207,1673.4674748690504
972,2022-01-24,1161624958502.9375,-0.03364216233812579,1617.1684104119324
973,2022-01-25,1160874516359.666,-0.0004964706053711826,1616.365533832228
974,2022-01-26,1179128584017.7402,0.016108503969213643,1642.4027644496648
975,2022-01-27,1184918078845.4575,0.004994933085687287,1650.6064563578389
976,2022-01-28,1171575542776.6758,-0.010768808462599885,1632.8313915821907
977,2022-01-31,1181361621964.1772,0.008511719675170847,1646.7295946641575
978,2022-02-01,1194485477305.6145,0.011703386786343098,1666.0019080430302
979,2022-02-02,1198165551587.5813,0.0035226803198435304,1671.8707001773153
980,2022-02-03,1175667577879.2053,-0.018360003848414762,1641.1751476880079
981,2022-02-04,1161155294688.5708,-0.012096127176486024,1621.3232843826856
982,2022-02-07,1164166026243.8042,0.002658403132920763,1625.633415281366
983,2022-02-08,1164755293416.1055,0.0006756709005299615,1626.731808475001
984,2022-02-09,1183675320836.767,0.01639807190793731,1653.407073645303
985,2022-02-10,1174741185774.2168,-0.007303534792017178,1641.3313575575671
986,2022-02-11,1166410593565.6406,-0.006978124323290791,1629.8779432888148
987,2022-02-14,1149791838992.4365,-0.01402599031864465,1607.0172910356735
988,2022-02-15,1165858160699.8538,0.01393333564665419,1629.4084023416506
989,2022-02-16,1166978058808.5024,0.0011310784127503972,1631.2513910110936
990,2022-02-17,1161449192832.1604,-0.004666926532302627,1623.6384606135284
991,2022-02-18,1157014981144.9978,-0.00362465773277357,1617.753326912037
992,2022-02-21,1102394090115.5874,-0.011913078260619346,1598.4809049221565
993,2022-02-22,1141303555288.5374,-0.0018628831571672602,1595.5031217673236
994,2022-02-23,1139929239815.0942,-0.0009909841788766783,1593.9220034163038
995,2022-02-24,1113671645096.3933,-0.021867644656399895,1559.066683435579
996,2022-02-25,1147335692713.1194,0.030668381902795444,1606.8807358951062
997,2022-02-28,1155419773814.4067,0.007504275514901095,1618.9392116568501
998,2022-03-01,1132783096958.0515,-0.018492204827062354,1589.0014561523287
999,2022-03-02,1137688453843.5813,0.004608750286174373,1596.3247670681023
1000,2022-03-03,1123826132410.3376,-0.011783109769142699,1577.515097110538
1001,2022-03-04,1091035371970.4722,-0.028585629898508217,1532.4208343852267
1002,2022-03-07,1070400884414.8989,-0.0181292463337708,1504.6391995916545
1003,2022-03-08,1051114119712.2804,-0.016837002914028766,1479.3055850035678
1004,2022-03-09,1092651786568.3932,0.040682096278284674,1539.4868372376873
1005,2022-03-10,1084361667344.4045,-0.007359291066376564,1528.1573055095996
1006,2022-03-11,1094733057870.207,0.009744404073861911,1543.0482877829093
1007,2022-03-14,1109575054145.5032,0.014031534649032654,1564.6996232980657
1008,2022-03-15,1109906328564.689,0.0005563809240310924,1565.5701923203073
1009,2022-03-16,1139155197566.7883,0.027134386225861146,1608.0509785824222
1010,2022-03-17,1151021498723.4119,0.010841157608138155,1625.484112683155
1011,2022-03-18,1165034162432.4148,0.012028426419958927,1645.0361287293763
1012,2022-03-21,1158821659494.7793,-0.005111750891808636,1636.6271138312866
1013,2022-03-22,1165403550516.1794,0.005941865430677264,1646.35173190187
1014,2022-03-23,1154042114433.6462,-0.00968029255824531,1630.414565483286
1015,2022-03-24,1151156581009.723,-0.0023218695053334446,1626.6289556226388
1016,2022-03-25,1150619172235.2349,-9.828417911749961e-05,1626.4690837310068
1017,2022-03-28,1155412202657.4324,0.00438101092159262,1633.5946625504653
1018,2022-03-29,1172992010309.2317,0.01580308071831,1659.4104908637507
1019,2022-03-30,1166752735424.8147,-0.0050453304568236134,1651.038216573823
1020,2022-03-31,1164986154706.1768,-0.0014018175120933682,1648.7237622886946
1021,2022-04-01,1165503093419.9663,0.0005305948825753782,1649.5985666797453
1022,2022-04-04,1174232882925.5225,0.007699324619712391,1662.2993615368248
1023,2022-04-05,1179048704065.8467,0.004581653060369243,1669.91544049386
1024,2022-04-06,1164584887313.316,-0.011632696838096635,1650.4898204293384
1025,2022-04-07,1167863278863.0007,0.0029657595433124993,1655.3847763654169
1026,2022-04-08,1179220706585.7156,0.009928363432530023,1671.8200380458502
1027,2022-04-11,1172364230596.929,-0.00537530648634122,1662.8334929513471
1028,2022-04-12,1166962871911.843,-0.00415340987815425,1655.9270638959972
1029,2022-04-13,1160966364948.8613,-0.004921598214803102,1647.7772562144826
1030,2022-04-14,1115680355109.7007,0.007348148989087498,1659.8853689939763
1031,2022-04-18,41466767380.678024,-0.00870086449860363,1645.442931315145
1032,2022-04-19,1158761140080.1306,-0.008180771278608836,1631.981939042052
1033,2022-04-20,1167243851448.1448,0.007584540967262218,1644.3597729165485
1034,2022-04-21,1174124738510.9885,0.006431137414507812,1654.9348765750638
1035,2022-04-22,1157253410684.648,-0.014262599586220224,1631.3312030892027
1036,2022-04-25,1149197734530.3882,-0.005733933984511963,1621.9772576638147
1037,2022-04-26,1141015312825.6362,-0.006765419658509826,1611.00390083916
1038,2022-04-27,1150061980463.8347,0.008104478520667351,1624.0602473502224
1039,2022-04-28,1156057444029.3916,0.005354810469277104,1632.7567821654702
1040,2022-04-29,1167696347084.9148,0.0013476500212660036,1634.9571668776775
1041,2022-05-02,945761320328.7661,-0.016903391474248408,1607.320845842316
1042,2022-05-03,1134781851920.6753,0.00035418808285315,1607.890139731235
1043,2022-05-04,1130483336939.1692,-0.008494778817338185,1594.2314686316392
1044,2022-05-05,1120613426561.087,-0.008617933729875564,1580.4924874848896
1045,2022-05-06,1095269268223.8545,-0.02209113023097842,1545.5776221147778
1046,2022-05-09,1067486814206.5062,-0.024919395370629694,1507.062762273302
1047,2022-05-10,1075508593053.6195,0.007650059580909491,1518.5918821968628
1048,2022-05-11,1088261117250.4823,0.012109689889996163,1536.9815589597324
1049,2022-05-12,1085328604948.5934,-0.0025561194337683064,1533.052850527532
1050,2022-05-13,1059966111078.3508,0.017939877694854757,1560.5556311657442
1051,2022-05-16,1104532235424.2808,0.001739335776112597,1563.2699614056448
1052,2022-05-17,1102237536138.8567,0.007542691035580082,1575.0612237297307
1053,2022-05-18,1101108863774.0437,-0.007789217086002319,1562.7927299343553
1054,2022-05-19,1087343439009.7606,-0.011703834697359243,1544.5020621569688
1055,2022-05-20,1089885403097.4523,0.003175299120746054,1549.4063181969263
1056,2022-05-23,1097833274885.0953,0.007703396085884861,1561.3420087639697
1057,2022-05-24,1091142380309.5929,-0.006017034109838848,1551.9473606401125
1058,2022-05-25,1096874154190.7567,0.005406540947216473,1560.3380275933375
1059,2022-05-26,563274465763.5546,0.009567856769577159,1575.267118353475
1060,2022-05-27,1071359368326.8666,0.012927761630375527,1595.6317961637174
1061,2022-05-30,1082301446390.1729,0.0075923439364269825,1607.746381556091
1062,2022-05-31,1110622147969.3872,-0.010715105966805426,1590.5192087099692
1063,2022-06-01,1100888427179.8848,-0.008578409122670895,1576.8750842201882
1064,2022-06-02,945732780289.0979,0.00796668383159872,1589.4375494580963
1065,2022-06-03,945067170870.2051,-0.0012689063456418133,1587.4207020655876
1066,2022-06-06,558016886063.361,0.014088251952026063,1609.7846848701497
1067,2022-06-07,1111737614600.6177,-0.0028903922249035895,1605.1317757332322
1068,2022-06-08,1099255897086.336,-0.011179170007656603,1587.1877347276188
1069,2022-06-09,1090074047633.5872,-0.008229500045342295,1574.1259731927112
1070,2022-06-10,1065661372763.3566,-0.02219473943016948,1539.188657387437
1071,2022-06-13,1044369377006.2816,-0.01990027624914644,1508.558377905874
1072,2022-06-14,1018470296582.3828,-0.02422448275213729,1472.014331499701
1073,2022-06-15,1036868115702.442,0.018300997945172516,1498.9536627557416
1074,2022-06-16,1011344648030.295,-0.016990598828336593,1473.4855424095929
1075,2022-06-17,1017548169212.8544,0.0007962920519012382,1474.6588672356052
1076,2022-06-20,991049021172.3578,0.010364130828047474,1489.9424246623753
1077,2022-06-21,1027971018576.9681,0.0006661930213563736,1490.9350139079081
1078,2022-06-22,1023567218605.4812,-0.00400015186271781,1484.971047434833
1079,2022-06-23,1019480446543.356,-0.003907607042919475,1479.1683641113452
1080,2022-06-24,982202867804.1136,0.02986686223206278,1523.3464818602845
1081,2022-06-27,1055014391393.8544,0.007342480945475939,1534.5316243767013
1082,2022-06-28,1058400005145.8104,0.0032060192189875916,1539.4513622565971
1083,2022-06-29,1053506622808.5265,-0.004262145303402893,1532.889996863138
1084,2022-06-30,1037564016261.7052,-0.014761834847181295,1510.2617278905482
1085,2022-07-01,1039887098550.0748,0.0012395868114944714,1512.1338284103463
1086,2022-07-04,1004331850449.1826,0.00573154304458432,1520.8006885370523
1087,2022-07-05,1033036596591.378,-0.010269882664064563,1505.1822439103482
1088,2022-07-06,1050047661855.402,0.016928453717597977,1530.6626518629348
1089,2022-07-07,1062360077409.0696,0.01211555813020226,1549.2074841993096
1090,2022-07-08,1067432726101.8274,0.005037144533706838,1557.0110662099219
1091,2022-07-11,1068167940310.0957,0.0008745778663315038,1558.3727936260623
1092,2022-07-12,1068745214687.0663,0.0009018468118277326,1559.7782071616332
1093,2022-07-13,1060191859359.9911,-0.007922601381621559,1547.4207061825512
1094,2022-07-14,1048210011259.2335,-0.011102740879653576,1530.2400950499957
1095,2022-07-15,1064398235696.201,0.015590755032422212,1554.0976935127105
1096,2022-07-18,1067061573719.0469,0.002705697333678195,1558.3026114983231
1097,2022-07-19,1084951667946.1539,0.01718906934435043,1585.08838314685
1098,2022-07-20,1082112671012.3267,-0.002531162524881576,1581.0762668328034
1099,2022-07-21,1090753450845.3411,0.008077235924572667,1593.8469928547545
1100,2022-07-22,1096565769522.9012,0.005848675071068125,1603.1688860289612
1101,2022-07-25,1095747795327.7529,-0.0006771076735916918,1602.0833680741675
1102,2022-07-26,1103253317367.003,0.007017840541455283,1613.32653368543
1103,2022-07-27,1104964133240.2966,0.0017659485841239942,1616.1755853933212
1104,2022-07-28,1121872596788.621,0.015637585794677472,1641.4486697691725
1105,2022-07-29,1132040959013.693,0.009595431659639539,1657.199078302749
1106,2022-08-01,701860387771.3429,-0.00216828580008108,1653.6057970733577
1107,2022-08-02,1126606834245.738,-0.00348251339499059,1647.8470927350156
1108,2022-08-03,1128321843973.6765,0.0018106581243913628,1650.830780461231
1109,2022-08-04,1132882908034.9424,0.004235483166816585,1657.822846443137
1110,2022-08-05,1122265745618.621,-0.009333098303520493,1642.350222847461
1111,2022-08-08,1132929479865.376,0.009813493604135547,1658.4674162551253
1112,2022-08-09,1128934175521.5615,-0.00331419024180944,1652.9709397278136
1113,2022-08-10,1140562389667.8447,0.010824274001290218,1670.8631500955978
1114,2022-08-11,1138973857713.9546,-0.0014091435136973386,1668.5086641253647
1115,2022-08-12,1138803010741.6755,-0.0003129963955250738,1667.986426927591
1116,2022-08-15,1118618862505.332,0.008823691493719518,1682.7042245745115
1117,2022-08-16,1141539813089.1423,-0.0052671062832514055,1673.8412425804013
1118,2022-08-17,1132634709297.1362,-0.007631986368078287,1661.0665090347004
1119,2022-08-18,1137996576109.1914,0.004587804038435787,1668.68715667296
1120,2022-08-19,1136177844912.348,-0.001311113419937432,1666.499318548169
1121,2022-08-22,1124235563828.1313,-0.01049480012279742,1649.0097412952277
1122,2022-08-23,1111987383705.9736,-0.010320858864453402,1631.9905444892108
1123,2022-08-24,1117144779515.4045,0.004716666511431542,1639.6880996373761
1124,2022-08-25,1118382088363.5254,0.0012233063527660186,1641.6939405062174
1125,2022-08-26,1099148995091.7721,-0.01710282476166319,1613.6163367294553
1126,2022-08-29,917974072412.2528,-0.013019830557964546,1592.6073254396742
1127,2022-08-30,1077934274264.091,-0.007993106308222114,1579.8774457801817
1128,2022-08-31,1067423086322.7783,-0.009626173308166905,1564.6692716814375
1129,2022-09-01,1053123520581.4509,-0.013472480131213133,1543.5892960067895
1130,2022-09-02,1073410774837.9094,0.019868581120892598,1574.2582251518418
1131,2022-09-05,1018944417619.6371,-0.007683319287603937,1562.1626965668636
1132,2022-09-06,1066339701296.9841,0.0008497280896619881,1563.4901100907587
1133,2022-09-07,1068669211749.9697,0.002856936883658916,1567.9569026535128
1134,2022-09-08,1072926191500.8408,0.003952197817111825,1574.1537785015053
1135,2022-09-09,1088376476719.7657,0.014705739159404964,1597.30287336494
1136,2022-09-12,1103965306018.2324,0.014585942787418617,1620.6010416900206
1137,2022-09-13,1089071397298.4921,-0.0135733559622544,1598.6040468783617
1138,2022-09-14,1076554557727.1334,-0.010932746777644733,1581.1269136361225
1139,2022-09-15,1070510835428.4791,-0.005344516282701232,1572.676555101177
1140,2022-09-16,1050964759104.4989,-0.018038562320987595,1544.3077310512283
1141,2022-09-19,894952469785.6527,0.002508794240353343,1548.182081392223
1142,2022-09-20,1040908224086.4733,-0.011541338157552018,1530.3139884614127
1143,2022-09-21,1046875627686.9735,0.005757646009573212,1539.1249946904716
1144,2022-09-22,1021193487452.8778,-0.023977842214206166,1502.2200984198425
1145,2022-09-23,1009405362301.1702,-0.011687913742806493,1484.662279486801
1146,2022-09-26,1004899099310.7219,-0.004193500670376447,1478.4363472224904
1147,2022-09-27,1006541505552.7168,0.002231889251251919,1481.7360534145164
1148,2022-09-28,1007433972771.0524,0.0017477998777175618,1484.325831507484
1149,2022-09-29,989729134943.1912,-0.01769906327392986,1458.0546546965045
1150,2022-09-30,1000431917662.8937,0.010902591057689303,1473.9512283364206
1151,2022-10-03,1001333615428.4076,0.003054856772120349,1478.453938228079
1152,2022-10-04,1029099598583.3296,0.028209836238916538,1520.1608817122744
1153,2022-10-05,1019488157637.1298,-0.00979012199078851,1505.2783212346865
1154,2022-10-06,1012105096477.5386,-0.00712815155722547,1494.5484692251198
1155,2022-10-07,998208305418.9802,-0.013405475793615168,1474.513335898538
1156,2022-10-10,996962309796.1708,-0.0009276642472230655,1473.1454825947712
1157,2022-10-11,990131246159.2433,-0.006619772683519445,1463.3935943702404
1158,2022-10-12,989644326331.9729,-0.0001608232897610749,1463.1582465981785
1159,2022-10-13,987862778329.377,-0.001387272529766837,1461.128447355971
1160,2022-10-14,997277033359.97,0.00958258335834873,1475.1298325000143
1161,2022-10-17,1015273938806.8862,0.018472140634776143,1502.3786382205083
1162,2022-10-18,1025059442649.4421,0.009707037455628991,1516.9622839342514
1163,2022-10-19,1014994470768.2222,-0.010063911503823778,1501.6957097540987
1164,2022-10-20,1015333535288.1151,0.000796080143994353,1502.8911798909555
1165,2022-10-21,1010538223513.755,-0.004458157783161957,1496.1910538800792
1166,2022-10-24,1025253968667.8613,0.014556213850570364,1517.969930821668
1167,2022-10-25,1042934817214.4908,0.017659404880256656,1544.776376426103
1168,2022-10-26,1025271436018.9069,0.007119549817055358,1555.7744887942788
1169,2022-10-27,1049540765326.171,-0.00038811697461829756,1555.1706663064997
1170,2022-10-28,1048355119120.6748,-0.0005828598115004974,1554.264219825085
1171,2022-10-31,1053242114566.0875,0.004628566242910052,1561.4582347255302
1172,2022-11-01,1050704541396.8691,0.0031896661670029612,1566.4387652280225
1173,2022-11-02,1054869886465.111,-0.0011488796109971038,1564.6391156687766
1174,2022-11-03,1043502948557.3689,-0.010707621336558174,1547.8855524898281
1175,2022-11-04,1058818402991.0178,0.016049808188477264,1572.7288187050049
1176,2022-11-07,1058192110174.8506,-0.0008881005590546866,1571.3320773618716
1177,2022-11-08,1066034014978.5779,0.007722755092537845,1583.467090164386
1178,2022-11-09,1071402526836.296,0.004834083565683901,1591.121702401751
1179,2022-11-10,1097404265070.8042,0.02802377025890756,1635.7109314438194
1180,2022-11-11,1090471937331.5507,0.00020215640089869786,1636.0416008786308
1181,2022-11-14,1096404566394.243,-0.0003499681923925853,1635.469038356892
1182,2022-11-15,1098401738455.9427,0.0021797845646585874,1639.0340085226792
1183,2022-11-16,1086845543223.8358,-0.010302806358925836,1622.147358517176
1184,2022-11-17,1082350707134.8466,-0.004382449825030622,1615.0383791096683
1185,2022-11-18,1098875861177.1488,0.015483745363181783,1640.0452221235682
1186,2022-11-21,1104816684925.854,0.005449560113439693,1648.9827471502902
1187,2022-11-22,1110088471054.6216,0.005432174553992937,1657.9403092693333
1188,2022-11-23,1110348355922.8862,0.0005428268921365099,1658.840283854762
1189,2022-11-24,1065196349269.6044,0.004812041012207208,1666.8226913333726
1190,2022-11-25,1117209877316.3506,0.0013245357987236258,1669.0304576581686
1191,2022-11-28,1113077489789.8813,-0.003936799524236715,1662.4598193465233
1192,2022-11-29,1107408291655.5908,-0.004601473215058814,1654.810055016689
1193,2022-11-30,1113831222135.3428,0.006409934759420479,1665.4172795085788
1194,2022-12-01,1122208737590.4983,0.00767901811357477,1678.2060489645858
1195,2022-12-02,1122316663776.1958,-0.00015658191093895224,1677.9432722544896
1196,2022-12-05,1120860828082.951,-0.001463232356795981,1675.4880513656585
1197,2022-12-06,1091549658412.441,-0.004642181560672619,1667.7101316284816
1198,2022-12-07,1112501513182.0657,-0.0024649181267219103,1663.5993626949128
1199,2022-12-08,1106479750243.7349,-0.005204141476367463,1654.9417562514536
1200,2022-12-09,1116705000231.737,0.009080473699687616,1669.9694113436099
1201,2022-12-12,1111139961340.221,-0.004573605425446677,1662.3316301835587
1202,2022-12-13,1120794507863.1663,0.009349767616172653,1677.8740446267884
1203,2022-12-14,1123385243923.227,0.0021315742933981858,1681.4505578078752
1204,2022-12-15,1093679660007.6473,-0.02673262932331888,1636.5009633205095
1205,2022-12-16,1082454985542.5409,-0.009797734823700876,1620.4669608431643
1206,2022-12-19,1083836768362.1266,0.0014698662942303773,1622.8488306098216
1207,2022-12-20,1077550065023.5707,-0.005678759105181291,1613.633063036663
1208,2022-12-21,1093026391700.5546,0.014431359063790356,1636.919981166549
1209,2022-12-22,1082926912966.9268,-0.009164129009406672,1621.919035281063
1210,2022-12-23,1090714544749.6636,-0.000945918775716758,1620.3848316128983
1211,2022-12-27,919020867897.8792,0.004271290183657466,1627.305965437914
1212,2022-12-28,1082391259536.3546,-0.0003144044854665404,1626.7943331431538
1213,2022-12-29,1088198848479.7866,0.0058502907191021,1636.311552932229
1214,2022-12-30,1081804326885.7924,-0.013992693366148503,1613.415147120562
1215,2023-01-02,454502610819.8456,0.014832460705372542,1637.3460638916806
1216,2023-01-03,1098095170327.4532,0.017516159921590314,1666.0260793937937
1217,2023-01-04,1116876592285.4338,0.01749526286127119,1695.1736435865212
1218,2023-01-05,1118329621688.8813,-0.004018371474707234,1688.3618061724576
1219,2023-01-06,1032326804038.6693,0.009212357745267309,1703.9155991343641
1220,2023-01-09,1126816514475.3616,0.005026962368592027,1712.4811187304697
1221,2023-01-10,1117983688952.8232,-0.007681694312931379,1699.3263622597153
1222,2023-01-11,1121428081350.7148,0.0035114342384040243,1705.2934350303765
1223,2023-01-12,1124143644835.805,0.002636630684938961,1709.7896640280026
1224,2023-01-13,1124708714131.813,0.0025684380665016533,1714.1811528868031
1225,2023-01-16,1083582979825.6046,0.008073351973047205,1728.020340679622
1226,2023-01-17,1138465989861.809,0.004610003845169207,1735.9865210946857
1227,2023-01-18,1141127276832.9033,0.0026065074753210903,1740.5113829389754
1228,2023-01-19,1123097062374.7354,-0.015611378861133252,1713.3396003278
1229,2023-01-20,1125981562926.2751,0.002636418689871063,1717.8566808722005
1230,2023-01-23,1133246509149.6455,0.006604048526206244,1729.201489753748
1231,2023-01-24,1132173899796.6567,-0.0009034438263641534,1727.6392533432902
1232,2023-01-25,1130428609375.5615,-0.0014972479802280653,1725.0525489606591
1233,2023-01-26,1122432377371.426,-0.006503299484493231,1713.8340156082795
1234,2023-01-27,1124849682705.8518,0.0023555318611740914,1717.8710062368089
1235,2023-01-30,1123323788199.1414,-0.0012297021071785272,1715.7585366405785
1236,2023-01-31,1123878836454.849,0.0007056277620138907,1716.9692234969446
1237,2023-02-01,1119539335019.3877,-0.003516344521969599,1710.9317681735106
1238,2023-02-02,1132727581026.427,0.012731165563199033,1732.7139237814642
1239,2023-02-03,1136732632975.8635,0.0038775864784280586,1739.432671863303
1240,2023-02-06,1129133723437.8184,-0.006551496098110907,1728.036785500664
1241,2023-02-07,1127694047619.0151,-0.0010824341273341482,1726.1662995107495
1242,2023-02-08,1133474144868.005,0.00524058334122066,1735.2124178641418
1243,2023-02-09,1134916132406.7017,0.001475492671841699,1737.772711070789
1244,2023-02-10,1125220685739.7053,-0.008365965326684058,1723.2345648243129
1245,2023-02-13,1137855224969.7966,0.011252623524769589,1742.625474627151
1246,2023-02-14,1133684166648.802,-0.003557912647583723,1736.4253654109734
1247,2023-02-15,1143044450672.3713,0.008275112920063719,1750.7944813870122
1248,2023-02-16,1141878163716.7532,-0.0008249974136672503,1749.350080468005
1249,2023-02-17,1141115243782.636,-0.0005267750558220308,1748.4285664817141
1250,2023-02-20,1090161298340.3644,-0.0010889851103748423,1746.5245538062616
1251,2023-02-21,1139151877606.4277,-0.00042905693299251667,1745.7751953378092
1252,2023-02-22,1139839566460.128,0.0007792565923468095,1747.1356021675317
1253,2023-02-23,1136734024405.7664,-0.0026427777827633487,1742.5183110146486
1254,2023-02-24,1129725526097.4373,-0.0060564872311247575,1731.9647711139874
1255,2023-02-27,1137642021300.9375,0.007127658047911803,1744.3096237535178
1256,2023-02-28,1131786250075.2861,-0.005074263122177838,1735.4585377560454
1257,2023-03-01,1123742784036.269,-0.006969651779168039,1723.3629960707015
1258,2023-03-02,1133222503514.6929,0.008571978190690353,1738.1356260876623
1259,2023-03-03,1144307246632.0068,0.0098541162572724,1755.2634166180374
1260,2023-03-06,1145024002977.679,0.0007108118854578406,1756.5110787166786
1261,2023-03-07,1139745816369.1042,-0.005500100770034192,1746.8500907800556
1262,2023-03-08,1139469805117.1345,-1.992665446609029e-05,1746.8152819018926
1263,2023-03-09,1132433785806.27,-0.005945803080081206,1736.4290622184274
1264,2023-03-10,1117077362739.938,-0.013378328201544085,1713.1985443253698
1265,2023-03-13,1099499133136.5504,-0.015156934971267914,1687.2317053961592
1266,2023-03-14,1114439715774.1836,0.013744272143904326,1710.4214771249478
1267,2023-03-15,1085644048084.914,-0.02532637036946447,1667.102709307395
1268,2023-03-16,1104749468951.0396,0.01806169449611936,1697.213409136558
1269,2023-03-17,1077186555903.6482,-0.015996244693111037,1670.0643681475806
1270,2023-03-20,1088261362653.293,0.010361261868818077,1687.3683424037397
1271,2023-03-21,1100645959348.1516,0.011658560650088627,1707.040628562693
1272,2023-03-22,1096557407726.2115,-0.003428974679432111,1701.1872294705895
1273,2023-03-23,1095207599628.9688,-0.0013443127191394397,1698.9003018403746
1274,2023-03-24,1081645447835.7,-0.012311578758568819,1677.9841569713105
1275,2023-03-27,1099776494242.6194,0.01889932662798281,1709.696927630492
1276,2023-03-28,1099612257078.268,-0.000806311599970191,1708.31837916531
1277,2023-03-29,1111268264474.3137,0.010374441640300915,1726.041228493014
1278,2023-03-30,1123390463563.633,0.011324460265524795,1745.5877138017404
1279,2023-03-31,1133715671127.0957,0.008674332097001105,1760.7295213357015
1280,2023-04-03,1127924340416.7231,-0.0043867524879285255,1753.0056367274128
1281,2023-04-04,1127477227000.9812,-7.20028244851205e-05,1752.87941537023
1282,2023-04-05,1127401681743.1904,-0.00028819466805673203,1752.3742448689738
1283,2023-04-06,1077658638394.344,0.0030842138524921118,1757.778941789749
1284,2023-04-10,45526868713.117226,0.006516117233185488,1769.232835444476
1285,2023-04-11,1135137506841.2896,0.004574819597639101,1777.3267564928542
1286,2023-04-12,1135634204075.9807,0.0010186145777856548,1779.1371674365064
1287,2023-04-13,1139829935299.144,0.00393958177620757,1786.1462237987128
1288,2023-04-14,1143472351163.2288,0.0027101987067612594,1790.9870349845385
1289,2023-04-17,1146759547609.7156,0.003217305235596379,1796.7491869490796
1290,2023-04-18,1150024295482.8467,0.0036581874072709104,1803.322032198801
1291,2023-04-19,1154223948600.7246,0.003610646708720579,1809.8331909591232
1292,2023-04-20,1157675596717.0298,0.003363507170591561,1815.9205778744888
